Workbook

Sheet Masters
A1: Materials | B1: GSM/Micron | C1: Suppliers
A2: Chromo | B2: 80 | C2: Avery
A3: Chromo | B3: 80 | C3: Allied
A4: Chromo | B4: 80 | C4: Papier
A5: Chromo | B5: 80 | C5: Surya
A6: Chromo | B6: 80 | C6: Raflatech
A7: Chromo | B7: 80 | C7: Zalak
A8: Chromo | B8: 80 | C8: V - TECH
A9: Chromo | B9: 80 | C9: Tackify
A10: Chromo | B10: 80 | C10: UPM
A11: ONLY CHROMO ( GLOSS PAPER ) RAHAT HD | B11: 120 | C11: MPS Industries
A12: IML Blow Mould | B12: 70 | C12: Arjobex Polyart
A13: OPAQUE MATTE | B13: 125 | C13: Technova
... A48: Paper- AMA5050 ( PIGGYBACK) | B48: 230 | C48: Avery
A49: SILVER PAPER | C49: Mudra Arts
A50: Special SDV Grade Security Film | C50: Presen Bontek Private Limited - NEW
A51: Self Adhesive Film | B51: 80 | C51: Surya
A52: Paper - Chromo TRP1 | B52: 80 | C52: Avery

Sheet Stock In
A1: Date | B1: Supplier | C1: Material | D1: GSM/Micron | E1: Web Size (mm) | F1: RMT In | G1: Rate per Sq. Mtr | H1: Sq. Mtr In | I1: Value In | J1: Column 1
A2: 21-08-2025 | B2: Avery | C2: Chromo | D2: 80 | E2: 125 | F2: 13750 | G2: 29 | H2: =(E2*F2)/1000 -> 1718.75 | I2: =H2*G2 -> 49843.75
A3: 21-08-2025 | B3: Avery | C3: Chromo | D3: 80 | E3: 140 | F3: 300 | G3: 29 | H3: =(E3*F3)/1000 -> 42 | I3: =H3*G3 -> 1218
A4: 21-08-2025 | B4: Avery | C4: Chromo | D4: 80 | E4: 150 | F4: 6000 | G4: 29 | H4: =(E4*F4)/1000 -> 900 | I4: =H4*G4 -> 26100
A5: 21-08-2025 | B5: Avery | C5: Chromo | D5: 80 | E5: 160 | F5: 6450 | G5: 29 | H5: =(E5*F5)/1000 -> 1032 | I5: =H5*G5 -> 29928
A6: 21-08-2025 | B6: Avery | C6: Chromo | D6: 80 | E6: 170 | F6: 3850 | G6: 29 | H6: =(E6*F6)/1000 -> 654.5 | I6: =H6*G6 -> 18980.5
A7: 21-08-2025 | B7: Avery | C7: Chromo | D7: 60 | E7: 170 | F7: 2200 | G7: 29 | H7: =(E7*F7)/1000 -> 374 | I7: =H7*G7 -> 10846
A8: 21-08-2025 | B8: Avery | C8: Chromo | D8: 80 | E8: 180 | F8: 9700 | G8: 29 | H8: =(E8*F8)/1000 -> 1746 | I8: =H8*G8 -> 50634
A9: 21-08-2025 | B9: Avery | C9: Chromo | D9: 80 | E9: 190 | F9: 3400 | G9: 29 | H9: =(E9*F9)/1000 -> 646 | I9: =H9*G9 -> 18734
A10: 21-08-2025 | B10: Avery | C10: Chromo | D10: 80 | E10: 210 | F10: 7300 | G10: 29 | H10: =(E10*F10)/1000 -> 1533 | I10: =H10*G10 -> 44457
A11: 21-08-2025 | B11: Avery | C11: Chromo | D11: 80 | E11: 250 | F11: 10650 | G11: 29 | H11: =(E11*F11)/1000 -> 2662.5 | I11: =H11*G11 -> 77212.5
A12: 21-08-2025 | B12: Avery | C12: Chromo | D12: 80 | E12: 280 | F12: 11400 | G12: 29 | H12: =(E12*F12)/1000 -> 3192 | I12: =H12*G12 -> 92568
A13: 21-08-2025 | B13: Avery | C13: Chromo | D13: 80 | E13: 290 | F13: 24800 | G13: 29 | H13: =(E13*F13)/1000 -> 7192 | I13: =H13*G13 -> 208568
... A75: 21-08-2025 | B75: UPM | C75: PP WHITE | D75: 50 | E75: 265 | F75: 1000 | G75: 35 | H75: =(E75*F75)/1000 -> 265 | I75: =H75*G75 -> 9275
A76: 21-08-2025 | B76: MPS Industries | C76: ONLY CHROMO ( GLOSS PAPER ) RAHAT HD | D76: 120 | E76: 250 | F76: 6000 | H76: =(E76*F76)/1000 -> 1500 | I76: =H76*G76 -> 0
A77: 21-08-2025 | B77: Arjobex Polyart | C77: IML Blow Mould | D77: 70 | E77: 210 | F77: 2700 | G77: 48 | H77: =(E77*F77)/1000 -> 567 | I77: =H77*G77 -> 27216
A78: 21-08-2025 | B78: Arjobex Polyart | C78: IML Blow Mould | D78: 70 | E78: 200 | F78: 1950 | G78: 48 | H78: =(E78*F78)/1000 -> 390 | I78: =H78*G78 -> 18720
A79: 21-08-2025 | B79: Arjobex Polyart | C79: IML Blow Mould | D79: 70 | E79: 380 | F79: 2000 | G79: 48 | H79: =(E79*F79)/1000 -> 760 | I79: =H79*G79 -> 36480
A80: 21-08-2025 | B80: Papier | C80: Void | D80: 50 | E80: 205 | F80: 900 | G80: 165 | H80: =(E80*F80)/1000 -> 184.5 | I80: =H80*G80 -> 30442.5
A81: 21-08-2025 | B81: Technova | C81: PET MATT | D81: 125 | E81: 180 | F81: 500 | G81: 47 | H81: =(E81*F81)/1000 -> 90 | I81: =H81*G81 -> 4230
A82: 21-08-2025 | B82: Technova | C82: PET MATT | D82: 125 | E82: 220 | F82: 1200 | G82: 47 | H82: =(E82*F82)/1000 -> 264 | I82: =H82*G82 -> 12408
A83: 21-08-2025 | B83: DEE DEE LABEL | C83: U- CHROMO 80/60 WGL (HM) | D83: 80 | E83: 334 | F83: 1856 | G83: 25.5 | H83: =(E83*F83)/1000 -> 619.904 | I83: =H83*G83 -> 15807.552
A84: 21-08-2025 | B84: Papier | C84: Void | D84: 50 | E84: 125 | F84: 3920 | G84: 165 | H84: =(E84*F84)/1000 -> 490 | I84: =H84*G84 -> 80850
A85: 21-08-2025 | B85: Papier | C85: Void | D85: 50 | E85: 165 | F85: 500 | G85: 165 | H85: =(E85*F85)/1000 -> 82.5 | I85: =H85*G85 -> 13612.5
A86: 25-08-2025 | B86: Verifys | C86: SGL Hologram | D86: 23 | E86: 13 | F86: 1530 | G86: 226 | H86: =(E86*F86)/1000 -> 19.89 | I86: =H86*G86 -> 4495.14
A87: 25-08-2025 | B87: Verifys | C87: SGL Hologram | D87: 23 | E87: 20 | F87: 920 | G87: 280 | H87: =(E87*F87)/1000 -> 18.4 | I87: =H87*G87 -> 5152
A88: 28-08-2025 | B88: Sonafine Corporation Pvt Ltd | C88: Blochum Blue Paper Sheet | D88: 250 | E88: 0 | F88: 0 | G88: 41.33 | H88: =(E88*F88)/1000 -> 0 | I88: =H88*G88 -> 0
... A93: 30-08-2025 | B93: Avery | C93: PP WHITE | D93: 50 | E93: 160 | F93: 4000 | G93: 37 | H93: =(E93*F93)/1000 -> 640 | I93: =H93*G93 -> 23680
A94: 45725 | B94: Avery | C94: Chromo | D94: 80 | E94: 230 | F94: 24000 | G94: 28.5 | H94: =(E94*F94)/1000 -> 5520 | I94: =H94*G94 -> 157320
A95: 45756 | B95: Avery | C95: PP WHITE | D95: 50 | E95: 100 | F95: 3980 | G95: 37 | H95: =(E95*F95)/1000 -> 398 | I95: =H95*G95 -> 14726
A96: 45786 | B96: Surya | C96: Chromo | D96: 80 | E96: 140 | F96: 9380 | G96: 26.5 | H96: =(E96*F96)/1000 -> 1313.2 | I96: =H96*G96 -> 34799.8
A97: 45786 | B97: Surya | C97: Chromo | D97: 80 | E97: 160 | F97: 18380 | G97: 26.5 | H97: =(E97*F97)/1000 -> 2940.8 | I97: =H97*G97 -> 77931.2
A98: 45786 | B98: Surya | C98: Chromo | D98: 80 | E98: 185 | F98: 6390 | G98: 26.5 | H98: =(E98*F98)/1000 -> 1182.15 | I98: =H98*G98 -> 31326.975
A99: 45786 | B99: Surya | C99: Chromo | D99: 80 | E99: 230 | F99: 6000 | G99: 26.5 | H99: =(E99*F99)/1000 -> 1380 | I99: =H99*G99 -> 36570
A100: 45786 | B100: Surya | C100: SILVER PAPER | D100: 80 | E100: 140 | F100: 3030 | G100: 43.85 | H100: =(E100*F100)/1000 -> 424.2 | I100: =H100*G100 -> 18601.17
A101: 45786 | B101: Surya | C101: SILVER PAPER | D101: 80 | E101: 280 | F101: 3030 | G101: 43.85 | H101: =(E101*F101)/1000 -> 848.4 | I101: =H101*G101 -> 37202.34
A102: 45786 | B102: Stick Tapes | C102: Tape | D102: 12 | E102: 72 | F102: 6000 | G102: 230 | H102: =(E102*F102)/1000 -> 432 | I102: =H102*G102 -> 99360
A103: 16-09-2025 | B103: Avery | C103: Chromo | D103: 80 | E103: 125 | F103: 10000 | G103: 28.5 | H103: =(E103*F103)/1000 -> 1250 | I103: =H103*G103 -> 35625
A104: 17-09-2025 | B104: Surya | C104: PP WHITE | D104: 50 | E104: 125 | F104: 1070 | G104: 34 | H104: =(E104*F104)/1000 -> 133.75 | I104: =H104*G104 -> 4547.5
A105: 17-09-2025 | B105: Surya | C105: PP WHITE | D105: 50 | E105: 190 | F105: 2140 | G105: 36 | H105: =(E105*F105)/1000 -> 406.6 | I105: =H105*G105 -> 14637.6
A106: 17-09-2025 | B106: Surya | C106: PP WHITE | D106: 50 | E106: 125 | F106: 8040 | G106: 34.7 | H106: =(E106*F106)/1000 -> 1005 | I106: =H106*G106 -> 34873.5
A107: 20-09-2025 | B107: Surya | C107: Chromo | D107: 80 | E107: 140 | F107: 10020 | G107: 26.5 | H107: =(E107*F107)/1000 -> 1402.8 | I107: =H107*G107 -> 37174.2
A108: 20-09-2025 | B108: Surya | C108: Chromo | D108: 80 | E108: 160 | F108: 10300 | G108: 26.5 | H108: =(E108*F108)/1000 -> 1648 | I108: =H108*G108 -> 43672
A109: 20-09-2025 | B109: Surya | C109: SILVER PAPER | D109: 80 | E109: 167 | F109: 9000 | G109: 43.85 | H109: =(E109*F109)/1000 -> 1503 | I109: =H109*G109 -> 65906.55
A110: 23-09-2025 | B110: Avery | C110: Chromo | D110: 80 | E110: 210 | F110: 8000 | G110: 28.5 | H110: =(E110*F110)/1000 -> 1680 | I110: =H110*G110 -> 47880
A111: 23-09-2025 | B111: Sonafine Corporation Pvt Ltd | C111: Blochum Blue Paper Sheet | D111: 250 | E111: 0 | F111: 0 | G111: 41.33 | H111: =(E111*F111)/1000 -> 0 | I111: =H111*G111 -> 0
A112: 45818 | B112: Surya | C112: Chromo | D112: 80 | E112: 160 | F112: 9860 | G112: 28.5 | H112: =(E112*F112)/1000 -> 1577.6 | I112: =H112*G112 -> 44961.6
A113: 45818 | B113: Surya | C113: Chromo | D113: 80 | E113: 140 | F113: 10200 | G113: 28.5 | H113: =(E113*F113)/1000 -> 1428 | I113: =H113*G113 -> 40698
A114: 45818 | B114: Surya | C114: Chromo | D114: 80 | E114: 229 | F114: 6000 | G114: 28.5 | H114: =(E114*F114)/1000 -> 1374 | I114: =H114*G114 -> 39159
A115: 45818 | B115: Surya | C115: Chromo | D115: 80 | E115: 185 | F115: 5930 | G115: 28.5 | H115: =(E115*F115)/1000 -> 1097.05 | I115: =H115*G115 -> 31265.925
A116: 45971 | B116: Avery | C116: Chromo | D116: 80 | E116: 290 | F116: 10020 | G116: 28.5 | H116: =(E116*F116)/1000 -> 2905.8 | I116: =H116*G116 -> 82815.3
A117: 45971 | B117: Avery | C117: Chromo | D117: 80 | E117: 330 | F117: 6005 | G117: 28.5 | H117: =(E117*F117)/1000 -> 1981.65 | I117: =H117*G117 -> 56477.025
A118: 45971 | B118: Avery | C118: Chromo | D118: 80 | E118: 320 | F118: 5970 | G118: 28.5 | H118: =(E118*F118)/1000 -> 1910.4 | I118: =H118*G118 -> 54446.4
A119: 45971 | B119: Avery | C119: Chromo | D119: 80 | E119: 300 | F119: 4000 | G119: 28.5 | H119: =(E119*F119)/1000 -> 1200 | I119: =H119*G119 -> 34200
A120: 45971 | B120: Avery | C120: Chromo | D120: 80 | E120: 160 | F120: 6000 | G120: 28.5 | H120: =(E120*F120)/1000 -> 960 | I120: =H120*G120 -> 27360
A121: 45971 | B121: Avery | C121: Chromo | D121: 80 | E121: 180 | F121: 6000 | G121: 28.5 | H121: =(E121*F121)/1000 -> 1080 | I121: =H121*G121 -> 30780
A122: 45971 | B122: Avery | C122: Chromo | D122: 80 | E122: 250 | F122: 4000 | G122: 28.5 | H122: =(E122*F122)/1000 -> 1000 | I122: =H122*G122 -> 28500
A123: 14-10-2025 | B123: Avery | C123: PP CLEAR | D123: 50 | E123: 200 | F123: 3980 | G123: 37 | H123: =(E123*F123)/1000 -> 796 | I123: =H123*G123 -> 29452
A124: 14-10-2025 | B124: Avery | C124: PP WHITE | D124: 50 | E124: 160 | F124: 4000 | G124: 37 | H124: =(E124*F124)/1000 -> 640 | I124: =H124*G124 -> 23680
A125: 14-10-2025 | B125: Avery | C125: Chromo | D125: 80 | E125: 395 | F125: 4075 | G125: 28.5 | H125: =(E125*F125)/1000 -> 1609.625 | I125: =H125*G125 -> 45874.312
A126: 14-10-2025 | B126: Avery | C126: Chromo | D126: 80 | E126: 125 | F126: 5900 | G126: 28.5 | H126: =(E126*F126)/1000 -> 737.5 | I126: =H126*G126 -> 21018.75
A127: 14-10-2025 | B127: Avery | C127: Chromo | D127: 80 | E127: 250 | F127: 5895 | G127: 28.5 | H127: =(E127*F127)/1000 -> 1473.75 | I127: =H127*G127 -> 42001.875
A128: 18-10-2025 | B128: Surya | C128: Chromo | D128: 80 | E128: 260 | F128: 3990 | G128: 28.5 | H128: =(E128*F128)/1000 -> 1037.4 | I128: =H128*G128 -> 29565.9
A129: 17-10-2025 | B129: Allied | C129: PP WHITE | D129: 50 | E129: 215 | F129: 1090 | G129: 35 | H129: =(E129*F129)/1000 -> 234.35 | I129: =H129*G129 -> 8202.25
A130: 17-10-2025 | B130: Allied | C130: PP WHITE | D130: 50 | E130: 255 | F130: 1000 | G130: 35 | H130: =(E130*F130)/1000 -> 255 | I130: =H130*G130 -> 8925
A131: 29-10-2025 | B131: Avery | C131: Chromo | D131: 80 | E131: 395 | F131: 5960 | G131: 28.5 | H131: =(E131*F131)/1000 -> 2354.2 | I131: =H131*G131 -> 67094.7
A132: 29-10-2025 | B132: Avery | C132: Chromo | D132: 80 | E132: 290 | F132: 9960 | G132: 28.5 | H132: =(E132*F132)/1000 -> 2888.4 | I132: =H132*G132 -> 82319.4
A133: 29-10-2025 | B133: Avery | C133: Chromo | D133: 80 | E133: 210 | F133: 5960 | G133: 28.5 | H133: =(E133*F133)/1000 -> 1251.6 | I133: =H133*G133 -> 35670.6
A134: 29-10-2025 | B134: Avery | C134: Chromo | D134: 80 | E134: 250 | F134: 6000 | G134: 28.5 | H134: =(E134*F134)/1000 -> 1500 | I134: =H134*G134 -> 42750
... A140: 30-10-2025 | B140: Avery | C140: Chromo | D140: 80 | E140: 170 | F140: 10000 | G140: 28.5 | H140: =(E140*F140)/1000 -> 1700 | I140: =H140*G140 -> 48450
A141: 45668 | B141: Allied | C141: PP SILVER | D141: 50 | E141: 148 | F141: 1820 | G141: 36 | H141: =(E141*F141)/1000 -> 269.36 | I141: =H141*G141 -> 9696.96
A142: 13-11-2025 | B142: Surya | C142: Chromo | D142: 80 | E142: 140 | F142: 9990 | G142: 26.5 | H142: =(E142*F142)/1000 -> 1398.6 | I142: =H142*G142 -> 37062.9
A143: 13-11-2025 | B143: Surya | C143: Chromo | D143: 80 | E143: 160 | F143: 9000 | G143: 26.5 | H143: =(E143*F143)/1000 -> 1440 | I143: =H143*G143 -> 38160
A144: 13-11-2025 | B144: Surya | C144: Chromo | D144: 80 | E144: 195 | F144: 6540 | G144: 26.5 | H144: =(E144*F144)/1000 -> 1275.3 | I144: =H144*G144 -> 33795.45
A145: 13-11-2025 | B145: Surya | C145: Chromo | D145: 80 | E145: 210 | F145: 4500 | G145: 26.5 | H145: =(E145*F145)/1000 -> 945 | I145: =H145*G145 -> 25042.5
A146: 13-11-2025 | B146: Surya | C146: PP WHITE | D146: 50 | E146: 125 | F146: 8000 | G146: 34.7 | H146: =(E146*F146)/1000 -> 1000 | I146: =H146*G146 -> 34700
A147: 22-11-2025 | B147: Surya | C147: Chromo | D147: 80 | E147: 140 | F147: 10170 | G147: 26.5 | H147: =(E147*F147)/1000 -> 1423.8 | I147: =H147*G147 -> 37730.7
A148: 22-11-2025 | B148: Surya | C148: Chromo | D148: 80 | E148: 160 | F148: 10200 | G148: 26.5 | H148: =(E148*F148)/1000 -> 1632 | I148: =H148*G148 -> 43248
A149: 22-11-2025 | B149: Surya | C149: Chromo | D149: 80 | E149: 195 | F149: 3920 | G149: 26.5 | H149: =(E149*F149)/1000 -> 764.4 | I149: =H149*G149 -> 20256.6
A150: 25-11-2025 | B150: Avery | C150: Chromo | D150: 80 | E150: 125 | F150: 5990 | G150: 28.5 | H150: =(E150*F150)/1000 -> 748.75 | I150: =H150*G150 -> 21339.375
A151: 25-11-2025 | B151: Avery | C151: Chromo | D151: 80 | E151: 170 | F151: 2000 | G151: 28.5 | H151: =(E151*F151)/1000 -> 340 | I151: =H151*G151 -> 9690
A152: 25-11-2025 | B152: Avery | C152: Chromo | D152: 80 | E152: 290 | F152: 26070 | G152: 28.5 | H152: =(E152*F152)/1000 -> 7560.3 | I152: =H152*G152 -> 215468.55
A153: 25-11-2025 | B153: Allied | C153: SILVER PAPER | D153: 80 | E153: 160 | F153: 1970 | G153: 39 | H153: =(E153*F153)/1000 -> 315.2 | I153: =H153*G153 -> 12292.8
... A158: 28-11-2025 | B158: Avery | C158: Chromo | D158: 80 | E158: 225 | F158: 34000 | G158: 28.5 | H158: =(E158*F158)/1000 -> 7650 | I158: =H158*G158 -> 218025
A159: 45759 | B159: Surya | C159: SILVER PAPER | D159: 80 | E159: 210 | F159: 6660 | G159: 43.85 | H159: =(E159*F159)/1000 -> 1398.6 | I159: =H159*G159 -> 61328.61
A160: 45942 | B160: Surya | C160: SILVER PAPER | D160: 80 | E160: 126 | F160: 5040 | G160: 43.85 | H160: =(E160*F160)/1000 -> 635.04 | I160: =H160*G160 -> 27846.504
A161: 45942 | B161: Surya | C161: Chromo | D161: 80 | E161: 140 | F161: 6000 | G161: 26.5 | H161: =(E161*F161)/1000 -> 840 | I161: =H161*G161 -> 22260
A162: 45973 | B162: Avery | C162: Chromo | D162: 80 | E162: 125 | F162: 5900 | G162: 28.5 | H162: =(E162*F162)/1000 -> 737.5 | I162: =H162*G162 -> 21018.75
A163: 45973 | B163: Avery | C163: Chromo | D163: 80 | E163: 160 | F163: 3950 | G163: 28.5 | H163: =(E163*F163)/1000 -> 632 | I163: =H163*G163 -> 18012
A164: 45973 | B164: Avery | C164: Chromo | D164: 80 | E164: 180 | F164: 3950 | G164: 28.5 | H164: =(E164*F164)/1000 -> 711 | I164: =H164*G164 -> 20263.5
A165: 45973 | B165: Avery | C165: Chromo | D165: 80 | E165: 250 | F165: 6050 | G165: 28.5 | H165: =(E165*F165)/1000 -> 1512.5 | I165: =H165*G165 -> 43106.25
A166: 45973 | B166: Avery | C166: Chromo | D166: 80 | E166: 280 | F166: 5950 | G166: 28.5 | H166: =(E166*F166)/1000 -> 1666 | I166: =H166*G166 -> 47481
A167: 45973 | B167: Avery | C167: Chromo | D167: 80 | E167: 290 | F167: 5950 | G167: 28.5 | H167: =(E167*F167)/1000 -> 1725.5 | I167: =H167*G167 -> 49176.75
A168: 45973 | B168: Avery | C168: Chromo | D168: 80 | E168: 330 | F168: 4050 | G168: 28.5 | H168: =(E168*F168)/1000 -> 1336.5 | I168: =H168*G168 -> 38090.25
A169: 15-12-2025 | B169: Surya | C169: Chromo | D169: 80 | E169: 140 | F169: 8850 | G169: 26.5 | H169: =(E169*F169)/1000 -> 1239 | I169: =H169*G169 -> 32833.5
A170: 15-12-2025 | B170: Surya | C170: Chromo | D170: 80 | E170: 160 | F170: 5960 | G170: 26.5 | H170: =(E170*F170)/1000 -> 953.6 | I170: =H170*G170 -> 25270.4
A171: 15-12-2025 | B171: Surya | C171: Chromo | D171: 80 | E171: 260 | F171: 4000 | G171: 26.5 | H171: =(E171*F171)/1000 -> 1040 | I171: =H171*G171 -> 27560
A172: 17-12-2025 | B172: Allied | C172: SILVER PAPER | D172: 80 | E172: 185 | F172: 5540 | G172: 28 | H172: =(E172*F172)/1000 -> 1024.9 | I172: =H172*G172 -> 28697.2
A173: 23-12-2025 | B173: Surya | C173: Chromo | D173: 80 | E173: 140 | F173: 5910 | G173: 26.5 | H173: =(E173*F173)/1000 -> 827.4 | I173: =H173*G173 -> 21926.1
A174: 23-12-2025 | B174: Surya | C174: Chromo | D174: 80 | E174: 160 | F174: 5980 | G174: 26.5 | H174: =(E174*F174)/1000 -> 956.8 | I174: =H174*G174 -> 25355.2
...

Sheet Issues
A1: Date | B1: Job No. | C1: Material | D1: GSM/Micron | E1: Web Size (mm) | F1: Supplier | G1: Client | H1: RMT Issued | I1: Sq. Mtr Issued | J1: Remarks | K1: Column 1
A2: 45891 | B2: 08/061 | C2: SILVER PAPER | D2: 80 | E2: 280 | F2: Surya | G2: KONARK PROPACK | H2: 400 | I2: =H2*E2/1000 -> 112
A3: 45891 | B3: 08/061 | C3: SILVER PAPER | D3: 80 | E3: 260 | F3: Surya | G3: KONARK PROPACK | H3: 1000 | I3: =H3*E3/1000 -> 260
A4: 45891 | B4: 08/061 | C4: SILVER PAPER | D4: 80 | E4: 160 | F4: Surya | G4: KONARK PROPACK | H4: 540 | I4: =H4*E4/1000 -> 86.4
A5: 45891 | B5: 08/061 | C5: SILVER PAPER | D5: 80 | E5: 140 | F5: Surya | G5: KONARK PROPACK | H5: 1350 | I5: =H5*E5/1000 -> 189
A6: 45891 | B6: 08/064 | C6: Chromo | D6: 80 | E6: 125 | F6: Avery | G6: Rallis | H6: 1724 | I6: =H6*E6/1000 -> 215.5
A7: 45891 | B7: 08/065 | C7: Chromo | D7: 80 | E7: 330 | F7: Avery | G7: Rallis | H7: 1700 | I7: =H7*E7/1000 -> 561
A8: 45891 | B8: 08/067 | C8: Chromo | D8: 80 | E8: 330 | F8: Avery | G8: Rallis | H8: 3150 | I8: =H8*E8/1000 -> 1039.5
A9: 45891 | B9: 08/068 | C9: Chromo | D9: 80 | E9: 125 | F9: Avery | G9: Rallis | H9: 1370 | I9: =H9*E9/1000 -> 171.25
A10: 45891 | B10: 08/074 | C10: Chromo | D10: 80 | E10: 290 | F10: Avery | G10: Rallis | H10: 1000 | I10: =H10*E10/1000 -> 290
A11: 45891 | B11: 08/096 | C11: Chromo | D11: 80 | E11: 125 | F11: Avery | G11: Rallis | H11: 2684 | I11: =H11*E11/1000 -> 335.5
A12: 45892 | B12: 08/040 | C12: Void | D12: 50 | E12: 165 | F12: Papier | G12: sgl | H12: 350 | I12: =H12*E12/1000 -> 57.75
A13: 45892 | B13: 08/040 | C13: Void | D13: 50 | E13: 125 | F13: Papier | G13: sgl | H13: 1000 | I13: =H13*E13/1000 -> 125
... A132: 45923 | B132: 09/101 | C132: SILVER PAPER | D132: 80 | E132: 167 | F132: Surya | G132: OXITECH | H132: 7500 | I132: =H132*E132/1000 -> 1252.5
A133: 45923 | B133: 09/102 | C133: SILVER PAPER | D133: 80 | E133: 280 | F133: Surya | G133: OXITECH | H133: 3000 | I133: =H133*E133/1000 -> 840 | J133: 280 SIZE CENTER CUT BY 140
A134: 45923 | B134: 09/103 | C134: PP WHITE | D134: 50 | E134: 125 | F134: Surya | G134: HERBAL HILL | H134: 2010 | I134: =H134*E134/1000 -> 251.25
A135: 45923 | B135: 09/118 | C135: Chromo | D135: 80 | E135: 125 | F135: Avery | G135: RALLIS | H135: 2300 | I135: =H135*E135/1000 -> 287.5
A136: 45923 | B136: 09/083 | C136: Chromo | D136: 80 | E136: 250 | F136: Avery | G136: RALLIS | H136: 2000 | I136: =H136*E136/1000 -> 500
A137: 45924 | B137: 09/058 | C137: Chromo | D137: 80 | E137: 230 | F137: Surya | G137: GLOBAL | H137: 950 | I137: =H137*E137/1000 -> 218.5
A138: 45924 | B138: 09/058 | C138: Chromo | D138: 80 | E138: 240 | F138: Surya | G138: GLOBAL | H138: 400 | I138: =H138*E138/1000 -> 96
A139: 45924 | B139: 09/072 | C139: Chromo | D139: 80 | E139: 160 | F139: Surya | G139: GLOBAL | H139: 1700 | I139: =H139*E139/1000 -> 272
A140: 45924 | B140: 09/100 | C140: SILVER PAPER | D140: 80 | E140: 280 | F140: Surya | G140: OXITECH | H140: 920 | I140: =H140*E140/1000 -> 257.6
A141: 45924 | B141: 09/119 | C141: Chromo | D141: 80 | E141: 160 | F141: Surya | G141: ARIES | H141: 6200 | I141: =H141*E141/1000 -> 992
A142: 45924 | B142: 09/127 | C142: Chromo | D142: 80 | E142: 160 | F142: Surya | G142: ARIES | H142: 3500 | I142: =H142*E142/1000 -> 560
A143: 45924 | B143: 09/128 | C143: Chromo | D143: 80 | E143: 140 | F143: Surya | G143: ARIES | H143: 3100 | I143: =H143*E143/1000 -> 434
A144: 45925 | B144: 09/108 | C144: Chromo | D144: 80 | E144: 195 | F144: Surya | G144: PURE IMPRESSION | H144: 2070 | I144: =H144*E144/1000 -> 403.65
A145: 45925 | B145: 09/109 | C145: Chromo | D145: 80 | E145: 185 | F145: Surya | G145: PURE IMPRESSION | H145: 1250 | I145: =H145*E145/1000 -> 231.25
... A151: 45926 | B151: 09/133 | C151: PP CLEAR | D151: 80 | E151: 255 | F151: V - TECH | G151: ANU IND | H151: 1710 | I151: =H151*E151/1000 -> 436.05
A152: 45926 | B152: 09/135 | E152: 250 | G152: PROPIX | H152: 173 | I152: =H152*E152/1000 -> 43.25 | J152: SAMPLE
A153: 45927 | B153: 09/132 | C153: Chromo | D153: 80 | E153: 125 | F153: Avery | G153: RALLIS | H153: 1000 | I153: =H153*E153/1000 -> 125
A154: 45927 | B154: 09/121 | C154: PP WHITE | D154: 50 | E154: 190 | F154: Avery | G154: ARIES | H154: 700 | I154: =H154*E154/1000 -> 133
A155: 45927 | B155: 09/124 | C155: PP WHITE | D155: 50 | E155: 300 | F155: Surya | G155: ARIES | H155: 650 | I155: =H155*E155/1000 -> 195
A156: 45929 | B156: 09/126 | C156: Chromo | D156: 80 | E156: 126 | F156: Surya | G156: GLOBAL | H156: 500 | I156: =H156*E156/1000 -> 63
A157: 45929 | B157: 09/141 | C157: Chromo | D157: 80 | E157: 290 | F157: Avery | G157: RALLIS | H157: 2000 | I157: =H157*E157/1000 -> 580
A158: 45929 | B158: 09/143 | C158: Chromo | D158: 80 | E158: 210 | F158: Avery | G158: RALLIS | H158: 2000 | I158: =H158*E158/1000 -> 420
A159: 45929 | B159: 09/144 | C159: Chromo | D159: 80 | E159: 290 | F159: Avery | G159: RALLIS | H159: 2600 | I159: =H159*E159/1000 -> 754
A160: 45929 | B160: 09/145 | C160: Chromo | D160: 80 | E160: 320 | F160: Avery | G160: RALLIS | H160: 1050 | I160: =H160*E160/1000 -> 336
A161: 45929 | B161: 09/146 | C161: Chromo | D161: 80 | E161: 290 | F161: Avery | G161: RALLIS | H161: 1450 | I161: =H161*E161/1000 -> 420.5
A162: 45930 | B162: 09/125 | C162: Chromo | D162: 80 | E162: 185 | F162: Surya | G162: global | H162: 1100 | I162: =H162*E162/1000 -> 203.5
A163: 45930 | B163: 09/129 | C163: Chromo | D163: 80 | E163: 126 | F163: Surya | G163: global | H163: 1300 | I163: =H163*E163/1000 -> 163.8
A164: 45930 | B164: 09/130 | C164: Chromo | D164: 80 | E164: 210 | F164: Surya | G164: global | H164: 1500 | I164: =H164*E164/1000 -> 315
... A200: 45941 | B200: 10/045 | C200: IML Blow Mould | D200: 70 | E200: 190 | F200: Arjobex Polyart | G200: MEHTA INDUSTRY | H200: 3000 | I200: =H200*E200/1000 -> 570
A201: 45941 | B201: 10/051 | C201: Chromo | D201: 80 | I201: =H201*E201/1000 -> 0 | J201: DOUBT PAPER
A202: 45943 | B202: 10/024 | C202: Chromo | D202: 80 | E202: 290 | F202: Avery | G202: RALLIS | H202: 2000 | I202: =H202*E202/1000 -> 580
A203: 45943 | B203: 10/032 | C203: Chromo | D203: 80 | E203: 280 | F203: Avery | G203: RALLIS | H203: 2040 | I203: =H203*E203/1000 -> 571.2
A204: 45943 | B204: 10/034 | C204: Chromo | D204: 80 | E204: 290 | F204: Avery | G204: RALLIS | H204: 800 | I204: =H204*E204/1000 -> 232
A205: 45943 | B205: 10/036 | C205: Chromo | D205: 80 | E205: 290 | G205: RALLIS | H205: 2120 | I205: =H205*E205/1000 -> 614.8
A206: 45943 | B206: 10/039 | C206: Chromo | D206: 80 | E206: 280 | F206: Avery | G206: RALLIS | H206: 2000 | I206: =H206*E206/1000 -> 560
A207: 45943 | B207: 10/040 | C207: Chromo | D207: 80 | E207: 125 | F207: Avery | G207: RALLIS | H207: 2000 | I207: =H207*E207/1000 -> 250
A208: 45943 | B208: 10/041 | C208: Chromo | D208: 80 | E208: 180 | F208: Avery | G208: RALLIS | H208: 480 | I208: =H208*E208/1000 -> 86.4
A209: 45943 | B209: 10/052 | C209: Chromo | D209: 80 | E209: 290 | F209: Avery | G209: RALLIS | H209: 1880 | I209: =H209*E209/1000 -> 545.2
A210: 45944 | B210: 10/027 | C210: Chromo | D210: 80 | E210: 330 | F210: Avery | G210: RALLIS | H210: 1600 | I210: =H210*E210/1000 -> 528
A211: 45944 | B211: 10/033 | C211: Chromo | D211: 80 | E211: 125 | F211: Avery | G211: RALLIS | H211: 1800 | I211: =H211*E211/1000 -> 225
A212: 45944 | B212: 10/035 | C212: Chromo | D212: 80 | E212: 250 | F212: Avery | G212: RALLIS | H212: 1400 | I212: =H212*E212/1000 -> 350
A213: 45944 | B213: 10/037 | C213: Chromo | D213: 80 | E213: 330 | F213: Avery | G213: RALLIS | H213: 1990 | I213: =H213*E213/1000 -> 656.7
A214: 45944 | B214: 10/038 | C214: Chromo | D214: 80 | E214: 125 | F214: Avery | G214: RALLIS | H214: 3600 | I214: =H214*E214/1000 -> 450
A215: 45944 | B215: 10/042 | C215: Chromo | D215: 80 | E215: 125 | F215: Avery | G215: RALLIS | H215: 1300 | I215: =H215*E215/1000 -> 162.5
A216: 45944 | B216: 10/043 | C216: Chromo | D216: 80 | E216: 125 | F216: Avery | G216: RALLIS | H216: 3770 | I216: =H216*E216/1000 -> 471.25
A217: 45944 | B217: 10/066 | C217: PP WHITE | D217: 50 | E217: 125 | F217: Surya | G217: HERBAL HILL | H217: 2010 | I217: =H217*E217/1000 -> 251.25
... A249: 45957 | B249: 10/086 | C249: Chromo | D249: 80 | E249: 290 | F249: Avery | G249: RALLIS | H249: 2000 | I249: =H249*E249/1000 -> 580
A250: 45957 | B250: 10/098 | C250: SILVER PAPER | D250: 80 | E250: 167 | F250: Surya | G250: ARIES | H250: 900 | I250: =H250*E250/1000 -> 150.3 | J250: PROOFING
A251: 45957 | B251: 10/099 | C251: Chromo | D251: 80 | E251: 300 | F251: Avery | G251: RALLIS | H251: 1800 | I251: =H251*E251/1000 -> 540 | J251: SAMPLE
A252: 45958 | B252: 10/087 | C252: Chromo | D252: 80 | E252: 330 | F252: Avery | G252: RALLIS | H252: 1000 | I252: =H252*E252/1000 -> 330
A253: 45959 | B253: 10/079 | C253: Chromo | D253: 80 | E253: 280 | F253: Avery | G253: RALLIS | H253: 650 | I253: =H253*E253/1000 -> 182
A254: 45959 | B254: 10/083 | C254: Chromo | D254: 80 | E254: 290 | F254: Avery | G254: RALLIS | H254: 2250 | I254: =H254*E254/1000 -> 652.5
A255: 45959 | B255: 10/088 | C255: Chromo | D255: 80 | E255: 160 | F255: Avery | G255: RALLIS | H255: 1150 | I255: =H255*E255/1000 -> 184
A256: 45959 | B256: 10/093 | C256: Chromo | D256: 80 | E256: 280 | F256: Avery | G256: RALLIS | H256: 1800 | I256: =H256*E256/1000 -> 504
A257: 45959 | B257: 10/102 | C257: Chromo | D257: 80 | E257: 160 | F257: Avery | G257: RALLIS | H257: 2000 | I257: =H257*E257/1000 -> 320
A258: 45959 | B258: 10/105 | C258: SILVER PAPER | D258: 80 | E258: 145 | F258: Allied | G258: ARIES | H258: 2000 | I258: =H258*E258/1000 -> 290
A259: 45959 | B259: 10/106 | C259: SILVER PAPER | D259: 80 | E259: 230 | F259: Allied | G259: ARIES | H259: 1000 | I259: =H259*E259/1000 -> 230
A260: 45959 | B260: 10/106 | C260: SILVER PAPER | D260: 80 | E260: 135 | F260: Allied | G260: ARIES | H260: 2000 | I260: =H260*E260/1000 -> 270
A261: 45960 | B261: 10/075 | C261: Chromo | D261: 80 | E261: 185 | F261: Surya | G261: ARIES | H261: 3700 | I261: =H261*E261/1000 -> 684.5
A262: 45960 | B262: 10/089 | C262: Chromo | D262: 80 | E262: 125 | F262: Avery | G262: RALLIS | H262: 2000 | I262: =H262*E262/1000 -> 250
A263: 45960 | B263: 10/090 | C263: Chromo | D263: 80 | E263: 125 | F263: Avery | G263: RALLIS | H263: 2995 | I263: =H263*E263/1000 -> 374.375
... A273: 45961 | B273: 10/114 | C273: Chromo | D273: 80 | E273: 125 | F273: Surya | G273: KONARK | H273: 2800 | I273: =H273*E273/1000 -> 350
A274: 45961 | B274: 10/115 | C274: Chromo | D274: 80 | E274: 250 | F274: Avery | G274: RALLIS | H274: 2000 | I274: =H274*E274/1000 -> 500 | J274: 125 WAS NEEDED 250 USED INSTEAD - CENTER CUT
A275: 45962 | B275: 11/001 | C275: Chromo | D275: 80 | E275: 395 | F275: Avery | G275: RALLIS | H275: 2100 | I275: =H275*E275/1000 -> 829.5
A276: 45962 | B276: 11/007 | C276: PP CLEAR | D276: 50 | E276: 200 | F276: Avery | G276: SHREE PRINT | H276: 6400 | I276: =H276*E276/1000 -> 1280
A277: 45962 | B277: 10/113 | C277: SILVER PAPER | D277: 80 | E277: 125 | F277: Surya | G277: KONARK | H277: 4800 | I277: =H277*E277/1000 -> 600
A278: 45964 | B278: 10/110 | C278: Chromo | D278: 80 | E278: 300 | F278: Avery | G278: RALLIS | H278: 1200 | I278: =H278*E278/1000 -> 360
A279: 45964 | B279: 10/107 | C279: Chromo | D279: 80 | E279: 185 | F279: Surya | G279: GLOBAL | H279: 500 | I279: =H279*E279/1000 -> 92.5
A280: 45964 | B280: 10/108 | C280: Chromo | D280: 80 | E280: 210 | F280: Surya | G280: GLOBAL | H280: 1140 | I280: =H280*E280/1000 -> 239.4
A281: 45964 | B281: 11/008 | C281: PP WHITE | D281: 50 | E281: 125 | F281: Surya | G281: HERBAL HILL | H281: 1600 | I281: =H281*E281/1000 -> 200
A282: 45964 | B282: 11/009 | C282: PP WHITE | D282: 50 | E282: 125 | F282: Surya | G282: HERBAL HILL | H282: 2200 | I282: =H282*E282/1000 -> 275
A283: 45964 | B283: 11/014 | C283: Chromo | D283: 80 | E283: 160 | F283: Avery | G283: RALLIS | H283: 1280 | I283: =H283*E283/1000 -> 204.8
A284: 45964 | B284: 11/015 | C284: Chromo | D284: 80 | E284: 160 | F284: Avery | G284: RALLIS | H284: 2000 | I284: =H284*E284/1000 -> 320
A285: 45964 | B285: 11/016 | C285: Chromo | D285: 80 | E285: 160 | F285: Avery | G285: RALLIS | H285: 850 | I285: =H285*E285/1000 -> 136
A286: 45964 | B286: 11/017 | C286: Chromo | D286: 80 | E286: 160 | F286: UPM | G286: PROPIX | H286: 500 | I286: =H286*E286/1000 -> 80
... A307: 45969 | B307: 11/028 | C307: Chromo | D307: 80 | E307: 160 | F307: Surya | G307: GLOBAL | H307: 2500 | I307: =H307*E307/1000 -> 400
A308: 45969 | B308: 11/031 | C308: Chromo | D308: 80 | E308: 330 | F308: Avery | G308: RALLIS | H308: 1000 | I308: =H308*E308/1000 -> 330 | J308: 330 center cut - 165 used
A309: 45969 | B309: 11/032 | C309: Chromo | D309: 80 | E309: 330 | F309: Avery | G309: RALLIS | H309: 750 | I309: =H309*E309/1000 -> 247.5 | J309: 330 center cut - 165 used
A310: 45969 | B310: 11/037 | C310: Chromo | D310: 80 | E310: 280 | F310: Avery | G310: pregna | H310: 1300 | I310: =H310*E310/1000 -> 364
A311: 45971 | B311: 11/038 | C311: Chromo | D311: 80 | E311: 180 | F311: Avery | G311: RALLIS | H311: 500 | I311: =H311*E311/1000 -> 90
A312: 45971 | B312: 11/039 | C312: Chromo | D312: 80 | E312: 210 | F312: Avery | G312: RALLIS | H312: 650 | I312: =H312*E312/1000 -> 136.5
A313: 45971 | B313: 11/040 | C313: Chromo | D313: 80 | E313: 290 | F313: Avery | G313: RALLIS | H313: 1700 | I313: =H313*E313/1000 -> 493
A314: 45971 | B314: 11/041 | C314: Chromo | D314: 80 | E314: 280 | F314: Avery | G314: RALLIS | H314: 600 | I314: =H314*E314/1000 -> 168
A315: 45971 | B315: 11/042 | C315: Chromo | D315: 80 | E315: 165 | F315: UPM | G315: PROPIX | H315: 900 | I315: =H315*E315/1000 -> 148.5
A316: 45971 | B316: 11/043 | C316: Chromo | D316: 80 | E316: 165 | F316: UPM | G316: PROPIX | H316: 670 | I316: =H316*E316/1000 -> 110.55
A317: 45971 | B317: 11/044 | C317: Chromo | D317: 80 | E317: 165 | F317: UPM | G317: PROPIX | H317: 1700 | I317: =H317*E317/1000 -> 280.5
A318: 45971 | B318: 11/045 | C318: Chromo | D318: 80 | E318: 165 | F318: UPM | G318: PROPIX | H318: 1400 | I318: =H318*E318/1000 -> 231
...

Sheet Returns
A1: Date | B1: Job No. | C1: Material | D1: GSM/Micron | E1: Web Size (mm) | F1: Supplier | G1: Client | H1: RMT Returned | I1: Column 11 | J1: Sq. Mtr Returned | K1: Remarks | L1: Column 1
A2: 45891 | B2: 08/061 | C2: SILVER PAPER | D2: 80 | E2: 280 | F2: Surya | G2: KONARK PROPACK | H2: 0 | J2: =(E2*H2)/1000 -> 0
A3: 45891 | B3: 08/061 | C3: SILVER PAPER | D3: 80 | E3: 260 | F3: Surya | G3: KONARK PROPACK | H3: 0 | J3: =(E3*H3)/1000 -> 0
A4: 45891 | B4: 08/061 | C4: SILVER PAPER | D4: 80 | E4: 160 | F4: Surya | G4: KONARK PROPACK | H4: 0 | J4: =(E4*H4)/1000 -> 0
A5: 45891 | B5: 08/061 | C5: SILVER PAPER | D5: 80 | E5: 140 | F5: Surya | G5: KONARK PROPACK | H5: 0 | J5: =(E5*H5)/1000 -> 0
A6: 45891 | B6: 08/064 | C6: Chromo | D6: 80 | E6: 125 | F6: Avery | G6: Rallis | H6: 1015 | J6: =(E6*H6)/1000 -> 126.875
A7: 45891 | B7: 08/065 | C7: Chromo | D7: 80 | E7: 330 | F7: Avery | G7: Rallis | H7: 1090 | J7: =(E7*H7)/1000 -> 359.7
A8: 45891 | B8: 08/067 | C8: Chromo | D8: 80 | E8: 330 | F8: Avery | G8: Rallis | H8: 1730 | J8: =(E8*H8)/1000 -> 570.9
A9: 45891 | B9: 08/068 | C9: Chromo | D9: 80 | E9: 125 | F9: Avery | G9: Rallis | H9: 684 | J9: =(E9*H9)/1000 -> 85.5
A10: 45891 | B10: 08/074 | C10: Chromo | D10: 80 | E10: 290 | F10: Avery | G10: Rallis | H10: 0 | J10: =(E10*H10)/1000 -> 0
A11: 45891 | B11: 08/096 | C11: Chromo | D11: 80 | E11: 125 | F11: Avery | G11: Rallis | H11: 1724 | J11: =(E11*H11)/1000 -> 215.5
A12: 45892 | B12: 08/040 | C12: Void | D12: 50 | E12: 165 | F12: Papier | G12: sgl | H12: 0 | J12: =(E12*H12)/1000 -> 0
A13: 45892 | B13: 08/040 | C13: Void | D13: 50 | E13: 125 | F13: Papier | G13: sgl | H13: 0 | J13: =(E13*H13)/1000 -> 0
... A56: 45909 | B56: 09/010 | C56: SILVER PAPER | D56: 80 | E56: 140 | F56: Surya | G56: SUDARSHAN PHARMA | H56: 734 | J56: =(E56*H56)/1000 -> 102.76
A57: 45909 | B57: 09/019 | C57: Chromo | D57: 80 | E57: 140 | F57: Surya | G57: ARIES | J57: =(E57*H57)/1000 -> 0 | K57: NO RETURN
A58: 45909 | B58: 09/034 | C58: Chromo | D58: 80 | E58: 126 | F58: Surya | G58: GLOBAL | H58: 350 | J58: =(E58*H58)/1000 -> 44.1
A59: 45909 | B59: 09/042 | C59: Chromo | D59: 80 | E59: 160 | F59: Surya | G59: ARIES | H59: 600 | J59: =(E59*H59)/1000 -> 96
A60: 45909 | B60: 09/044 | C60: Chromo | D60: 80 | E60: 140 | F60: Surya | G60: ARIES | H60: 500 | J60: =(E60*H60)/1000 -> 70
A61: 45909 | B61: 09/045 | C61: Chromo | D61: 80 | E61: 140 | F61: Surya | G61: ARIES | H61: 1360 | J61: =(E61*H61)/1000 -> 190.4
A62: 45910 | B62: 07/181 | C62: PP WHITE | E62: 167 | F62: Allied | G62: ARIES | H62: 1350 | J62: =(E62*H62)/1000 -> 225.45
A63: 45910 | B63: 09/038 | C63: Chromo | D63: 80 | E63: 320 | F63: Avery | G63: RALLIS | J63: =(E63*H63)/1000 -> 0 | K63: NO RETURN
A64: 45910 | B64: 09/039 | C64: Chromo | D64: 80 | E64: 125 | F64: Avery | G64: RALLIS | H64: 700 | J64: =(E64*H64)/1000 -> 87.5
A65: 45910 | B65: 09/061 | C65: Chromo | D65: 80 | E65: 190 | F65: Avery | G65: PREGNA | H65: 300 | J65: =(E65*H65)/1000 -> 57
A66: 45911 | B66: 08/135 | C66: Chromo | D66: 80 | E66: 160 | F66: Surya | G66: ARIES | H66: 200 | J66: =(E66*H66)/1000 -> 32
A67: 45911 | B67: 09/035 | C67: Chromo | D67: 80 | E67: 160 | F67: Surya | G67: ARIES | H67: 500 | J67: =(E67*H67)/1000 -> 80
A68: 45911 | B68: 09/040 | C68: Chromo | D68: 80 | E68: 160 | F68: Surya | G68: ARIES | J68: =(E68*H68)/1000 -> 0 | K68: NO RETURN
A69: 45911 | B69: 09/065 | C69: Chromo | D69: 80 | E69: 140 | F69: Surya | G69: ARIES | H69: 380 | J69: =(E69*H69)/1000 -> 53.2
A70: 45912 | B70: 09/048 | C70: Chromo | D70: 80 | E70: 230 | F70: Surya | G70: ARIES | H70: 450 | J70: =(E70*H70)/1000 -> 103.5
A71: 45912 | B71: 09/053 | C71: Chromo | D71: 80 | E71: 230 | F71: Surya | G71: ARIES | H71: 1300 | J71: =(E71*H71)/1000 -> 299
A72: 45912 | B72: 09/054 | C72: Chromo | D72: 80 | E72: 230 | F72: Surya | G72: ARIES | H72: 700 | J72: =(E72*H72)/1000 -> 161
A73: 45912 | B73: 09/055 | C73: Chromo | D73: 80 | E73: 210 | F73: Surya | G73: ARIES | H73: 0 | J73: =(E73*H73)/1000 -> 0 | K73: NO RETURN
A74: 45912 | B74: 09/055 | C74: Chromo | D74: 80 | E74: 195 | F74: Surya | G74: ARIES | H74: 0 | J74: =(E74*H74)/1000 -> 0
A75: 45912 | B75: 09/055 | C75: Chromo | D75: 80 | E75: 200 | F75: Surya | G75: ARIES | H75: 0 | J75: =(E75*H75)/1000 -> 0
A76: 45912 | B76: 09/059 | C76: Chromo | D76: 80 | E76: 126 | F76: Surya | G76: ARIES | H76: 580 | J76: =(E76*H76)/1000 -> 73.08
A77: 45912 | B77: 09/060 | C77: Chromo | D77: 80 | E77: 140 | F77: Surya | G77: ARIES | H77: 0 | J77: =(E77*H77)/1000 -> 0
A78: 45912 | B78: 09/066 | C78: Chromo | D78: 80 | E78: 140 | F78: Surya | G78: ARIES | H78: 1360 | J78: =(E78*H78)/1000 -> 190.4
A79: 45912 | B79: 09/067 | C79: Chromo | D79: 80 | E79: 230 | F79: Surya | G79: ARIES | H79: 100 | J79: =(E79*H79)/1000 -> 23
A80: 45912 | B80: 09/074 | C80: Chromo | D80: 80 | E80: 230 | F80: Surya | G80: ARIES | H80: 280 | J80: =(E80*H80)/1000 -> 64.4
A81: 45912 | B81: 09/075 | C81: Chromo | D81: 80 | E81: 230 | F81: Surya | G81: ARIES | H81: 900 | J81: =(E81*H81)/1000 -> 207
A82: 45913 | B82: 09/041 | C82: Chromo | D82: 80 | E82: 260 | F82: Surya | G82: ARIES | H82: 150 | J82: =(E82*H82)/1000 -> 39
A83: 45913 | B83: 09/062 | C83: Chromo | D83: 80 | E83: 126 | F83: Surya | G83: ARIES | H83: 400 | J83: =(E83*H83)/1000 -> 50.4
A84: 45913 | B84: 09/063 | C84: Chromo | D84: 80 | E84: 140 | F84: Surya | G84: ARIES | H84: 150 | J84: =(E84*H84)/1000 -> 21
A85: 45913 | B85: 09/076 | C85: Chromo | D85: 80 | E85: 160 | F85: Surya | G85: ARIES | J85: =(E85*H85)/1000 -> 0 | K85: NO RETURN
A86: 45915 | B86: 09/064 | C86: Chromo | D86: 80 | E86: 330 | F86: Avery | G86: SHREE PRINT | J86: =(E86*H86)/1000 -> 0 | K86: NO RETURN
A87: 45915 | B87: 09/069 | C87: Chromo | D87: 80 | E87: 160 | F87: Avery | G87: RALLIS | J87: =(E87*H87)/1000 -> 0 | K87: NO RETURN
A88: 45915 | B88: 09/073 | C88: Chromo | D88: 80 | E88: 160 | F88: Surya | G88: ARIES | J88: =(E88*H88)/1000 -> 0 | K88: NO RETURN
A89: 45915 | B89: 09/078 | C89: Chromo | D89: 80 | E89: 160 | F89: UPM | G89: PROPIX | H89: 830 | J89: =(E89*H89)/1000 -> 132.8
A90: 45915 | B90: 09/079 | C90: Chromo | D90: 80 | E90: 160 | F90: UPM | G90: PROPIX | H90: 1100 | J90: =(E90*H90)/1000 -> 176
A91: 45915 | B91: 09/080 | C91: Chromo | D91: 80 | E91: 160 | G91: PROPIX | H91: 580 | J91: =(E91*H91)/1000 -> 92.8
A92: 45916 | B92: 08/121 | C92: PP WHITE | E92: 100 | F92: Avery | G92: RALLIS | H92: 1760 | J92: =(E92*H92)/1000 -> 176
A93: 45916 | B93: 08/122 | C93: PP WHITE | E93: 160 | F93: Avery | G93: RALLIS | H93: 1300 | J93: =(E93*H93)/1000 -> 208
A94: 45916 | B94: 09/071 | C94: Chromo | D94: 80 | E94: 160 | F94: Surya | G94: HERBAL HILL | H94: 180 | J94: =(E94*H94)/1000 -> 28.8
A95: 45916 | B95: 09/093 | C95: Chromo | D95: 80 | E95: 185 | F95: Surya | G95: ARIES | H95: 1000 | J95: =(E95*H95)/1000 -> 185
A96: 45917 | B96: 09/088 | C96: Chromo | D96: 80 | E96: 290 | F96: Avery | G96: RALLIS | J96: =(E96*H96)/1000 -> 0 | K96: NO RETURN
A97: 45917 | B97: 09/091 | C97: Chromo | D97: 80 | E97: 125 | F97: Avery | G97: RALLIS | H97: 900 | J97: =(E97*H97)/1000 -> 112.5
A98: 45917 | B98: 09/092 | C98: Chromo | D98: 80 | E98: 320 | F98: Avery | G98: RALLIS | H98: 1240 | J98: =(E98*H98)/1000 -> 396.8
A99: 45917 | B99: 09/001 | C99: SILVER PAPER | D99: 80 | E99: 140 | F99: Surya | G99: ARIES | J99: =(E99*H99)/1000 -> 0 | K99: NO RETURN
A100: 45917 | B100: 09/012 | C100: SILVER PAPER | D100: 80 | E100: 280 | F100: Surya | G100: RALLIS | J100: =(E100*H100)/1000 -> 0 | K100: NO RETURN
A101: 45917 | B101: 09/029 | C101: Chromo | D101: 80 | E101: 180 | F101: Avery | G101: RALLIS | J101: =(E101*H101)/1000 -> 0 | K101: NO RETURN
A102: 45917 | B102: 09/084 | C102: Chromo | D102: 80 | E102: 290 | F102: Avery | G102: RALLIS | H102: 1200 | J102: =(E102*H102)/1000 -> 348
A103: 45917 | B103: 09/087 | C103: Chromo | D103: 80 | E103: 290 | F103: Avery | G103: RALLIS | H103: 200 | J103: =(E103*H103)/1000 -> 58
A104: 45917 | B104: 09/089 | C104: Chromo | D104: 80 | E104: 210 | F104: Avery | G104: RALLIS | H104: 1800 | J104: =(E104*H104)/1000 -> 378
A105: 45918 | B105: 09/094 | C105: Chromo | D105: 80 | E105: 160 | F105: Avery | G105: RALLIS | H105: 550 | J105: =(E105*H105)/1000 -> 88
A106: 45918 | B106: 09/097 | C106: PP WHITE | D106: 50 | E106: 160 | F106: Avery | G106: RALLIS | H106: 300 | J106: =(E106*H106)/1000 -> 48
A107: 45919 | B107: 09/030 | C107: Chromo | D107: 80 | E107: 330 | F107: Avery | G107: RALLIS | H107: 700 | J107: =(E107*H107)/1000 -> 231
A108: 45919 | B108: 09/031 | C108: Chromo | D108: 80 | E108: 180 | F108: Avery | G108: RALLIS | H108: 1450 | J108: =(E108*H108)/1000 -> 261
A109: 45919 | B109: 09/032 | C109: Chromo | D109: 80 | E109: 125 | F109: Avery | G109: RALLIS | H109: 0 | J109: =(E109*H109)/1000 -> 0 | K109: NO RETURN
A110: 45919 | B110: 09/068 | C110: Chromo | D110: 80 | E110: 230 | F110: Avery | G110: BLOSSOM | H110: 1000 | J110: =(E110*H110)/1000 -> 230
A111: 45919 | B111: 09/086 | C111: Chromo | D111: 80 | E111: 250 | F111: Avery | G111: RALLIS | H111: 850 | J111: =(E111*H111)/1000 -> 212.5
A112: 45919 | B112: 09/085 | C112: Chromo | D112: 80 | E112: 170 | F112: Avery | G112: RALLIS | H112: 1450 | J112: =(E112*H112)/1000 -> 246.5
A113: 45919 | B113: 09/090 | C113: Chromo | D113: 80 | E113: 160 | F113: Avery | G113: RALLIS | H113: 700 | J113: =(E113*H113)/1000 -> 112
A114: 45919 | B114: 09/099 | C114: Chromo | D114: 80 | E114: 290 | F114: Avery | G114: RALLIS | H114: 1030 | J114: =(E114*H114)/1000 -> 298.7
A115: 45919 | B115: 09/077 | C115: PP WHITE | D115: 50 | E115: 190 | F115: Surya | G115: TRIBO LUBES | H115: 100 | J115: =(E115*H115)/1000 -> 19
A116: 45920 | B116: 09/046 | C116: Chromo | D116: 80 | E116: 230 | F116: Avery | G116: BLOSSOM | H116: 500 | J116: =(E116*H116)/1000 -> 115
A117: 45921 | B117: 09/047 | C117: Chromo | D117: 80 | E117: 250 | F117: Avery | G117: BLOSSOM | J117: =(E117*H117)/1000 -> 0 | K117: NO RETURN
A118: 45921 | B118: 09/047 | C118: Chromo | D118: 80 | E118: 230 | F118: Avery | G118: BLOSSOM | J118: =(E118*H118)/1000 -> 0 | K118: NO RETURN
A119: 45920 | B119: 09/116 | C119: Chromo | D119: 80 | E119: 170 | F119: Avery | G119: RALLIS | H119: 180 | J119: =(E119*H119)/1000 -> 30.6
A120: 45922 | B120: 09/070 | C120: Chromo | D120: 80 | E120: 160 | F120: Avery | G120: PREGNA | H120: 300 | J120: =(E120*H120)/1000 -> 48
A121: 45922 | B121: 09/082 | C121: Chromo | D121: 80 | E121: 125 | F121: Avery | G121: RALLIS | H121: 650 | J121: =(E121*H121)/1000 -> 81.25
A122: 45922 | B122: 09/112 | C122: Chromo | D122: 80 | E122: 125 | F122: Avery | G122: RALLIS | H122: 0 | J122: =(E122*H122)/1000 -> 0 | K122: NO RETURN
A123: 45922 | B123: 09/113 | C123: Chromo | D123: 80 | E123: 250 | F123: Avery | G123: RALLIS | J123: =(E123*H123)/1000 -> 0 | K123: NO RETURN
A124: 45922 | B124: 09/113 | C124: Chromo | D124: 80 | E124: 210 | F124: Avery | G124: RALLIS | J124: =(E124*H124)/1000 -> 0 | K124: NO RETURN
A125: 45922 | B125: 09/113 | C125: Chromo | D125: 80 | E125: 230 | F125: Avery | G125: RALLIS | J125: =(E125*H125)/1000 -> 0 | K125: NO RETURN
A126: 45922 | B126: 09/117 | C126: Chromo | D126: 80 | E126: 180 | F126: Avery | G126: RALLIS | H126: 1450 | J126: =(E126*H126)/1000 -> 261
A127: 45922 | B127: 09/114 | C127: Chromo | D127: 80 | E127: 210 | F127: Avery | G127: RALLIS | H127: 1290 | J127: =(E127*H127)/1000 -> 270.9
A128: 45922 | B128: 09/114 | C128: Chromo | D128: 80 | E128: 330 | F128: Avery | G128: RALLIS | J128: =(E128*H128)/1000 -> 0 | K128: NO RETURN
A129: 45922 | B129: 09/115 | C129: Chromo | D129: 80 | E129: 250 | F129: Avery | G129: RALLIS | H129: 300 | J129: =(E129*H129)/1000 -> 75
A130: 45923 | B130: 09/081 | C130: Chromo | D130: 80 | E130: 290 | F130: Avery | G130: RALLIS | H130: 600 | J130: =(E130*H130)/1000 -> 174
A131: 45923 | B131: 09/098 | C131: Chromo | D131: 80 | E131: 125 | F131: Avery | G131: RALLIS | H131: 0 | J131: =(E131*H131)/1000 -> 0 | K131: NO RETURN
A132: 45923 | B132: 09/101 | C132: SILVER PAPER | D132: 80 | E132: 167 | F132: Surya | G132: OXITECH | H132: 1000 | J132: =(E132*H132)/1000 -> 167
A133: 45923 | B133: 09/102 | C133: SILVER PAPER | D133: 80 | E133: 280 | F133: Surya | G133: OXITECH | H133: 200 | J133: =(E133*H133)/1000 -> 56
A134: 45923 | B134: 09/103 | C134: PP WHITE | D134: 50 | E134: 125 | F134: Surya | G134: HERBAL HILL | H134: 1350 | J134: =(E134*H134)/1000 -> 168.75
A135: 45923 | B135: 09/118 | C135: Chromo | D135: 80 | E135: 125 | F135: Avery | G135: RALLIS | H135: 1150 | J135: =(E135*H135)/1000 -> 143.75
A136: 45923 | B136: 09/083 | C136: Chromo | D136: 80 | E136: 250 | F136: Avery | G136: RALLIS | H136: 1400 | J136: =(E136*H136)/1000 -> 350
A137: 45924 | B137: 09/058 | C137: Chromo | D137: 80 | E137: 230 | F137: Surya | G137: GLOBAL | J137: =(E137*H137)/1000 -> 0 | K137: NO RETURN
A138: 45924 | B138: 09/058 | C138: Chromo | D138: 80 | E138: 240 | F138: Surya | G138: GLOBAL | H138: 200 | J138: =(E138*H138)/1000 -> 48
A139: 45924 | B139: 09/072 | C139: Chromo | D139: 80 | E139: 160 | F139: Surya | G139: GLOBAL | H139: 1100 | J139: =(E139*H139)/1000 -> 176
A140: 45924 | B140: 09/100 | C140: SILVER PAPER | D140: 80 | E140: 280 | F140: Surya | G140: OXITECH | H140: 100 | J140: =(E140*H140)/1000 -> 28
A141: 45924 | B141: 09/119 | C141: Chromo | D141: 80 | E141: 160 | F141: Surya | G141: ARIES | H141: 140 | J141: =(E141*H141)/1000 -> 22.4
A142: 45924 | B142: 09/127 | C142: Chromo | D142: 80 | E142: 160 | F142: Surya | G142: ARIES | H142: 390 | J142: =(E142*H142)/1000 -> 62.4
...

Sheet Job usage
A1: Column 1 | B1: Material | C1: GSM/Micron | D1: Web Size (mm) | E1: Target RMT | F1: Job Run RMT | G1: RMT Issued | H1: RMT Returned | I1: Ok Quantity | J1: Total Ups | K1: Cylinder Size | L1: Ok Quantity RMT | M1: RMT Used | N1: Wastage RMT | O1: Wastage Sq. Mtr
A2: 08/061 | B2: SILVER PAPER | C2: 80 | D2: 280 | E2: 2624 | F2: 3290 | G2: =IFERROR(SUMIF(Issues!B:B, A2, Issues!H:H), 0) -> 3290 | H2: =IFERROR(SUMIF(Returns!B:B, A2, Returns!H:H), 0) -> 0 | I2: 132720 | J2: 15 | K2: 99 | L2: =IFERROR((I2*(K2/8))/(39.3*J2),0) -> 2786.1069 | M2: =G2 - H2 -> 3290 | N2: =MAX(0, G2-H2-L2) -> 503.89313 | O2: =(D2*N2)/1000 -> 141.09008
A3: 08/064 | B3: Chromo | C3: 80 | D3: 125 | E3: 515 | F3: 709 | G3: =IFERROR(SUMIF(Issues!B:B, A3, Issues!H:H), 0) -> 1724 | H3: =IFERROR(SUMIF(Returns!B:B, A3, Returns!H:H), 0) -> 1015 | I3: 3490 | J3: 2 | K3: 108 | L3: =IFERROR((I3*(K3/8))/(39.3*J3),0) -> 599.42748 | M3: =G3 - H3 -> 709 | N3: =MAX(0, G3-H3-L3) -> 109.57252 | O3: =(D3*N3)/1000 -> 13.696565
A4: 08/065 | B4: Chromo | C4: 80 | D4: 330 | E4: 398 | F4: 606 | G4: =IFERROR(SUMIF(Issues!B:B, A4, Issues!H:H), 0) -> 1700 | H4: =IFERROR(SUMIF(Returns!B:B, A4, Returns!H:H), 0) -> 1090 | I4: 5640 | J4: 3 | K4: 75 | L4: =IFERROR((I4*(K4/8))/(39.3*J4),0) -> 448.47328 | M4: =G4 - H4 -> 610 | N4: =MAX(0, G4-H4-L4) -> 161.52672 | O4: =(D4*N4)/1000 -> 53.303817
A5: 08/067 | B5: Chromo | C5: 80 | D5: 330 | E5: 1193 | F5: 1420 | G5: =IFERROR(SUMIF(Issues!B:B, A5, Issues!H:H), 0) -> 3150 | H5: =IFERROR(SUMIF(Returns!B:B, A5, Returns!H:H), 0) -> 1730 | I5: 15000 | J5: 3 | K5: 75 | L5: =IFERROR((I5*(K5/8))/(39.3*J5),0) -> 1192.7481 | M5: =G5 - H5 -> 1420 | N5: =MAX(0, G5-H5-L5) -> 227.25191 | O5: =(D5*N5)/1000 -> 74.99313
A6: 08/068 | B6: Chromo | C6: 80 | D6: 125 | E6: 515 | F6: 686 | G6: =IFERROR(SUMIF(Issues!B:B, A6, Issues!H:H), 0) -> 1370 | H6: =IFERROR(SUMIF(Returns!B:B, A6, Returns!H:H), 0) -> 684 | I6: 3280 | J6: 2 | K6: 108 | L6: =IFERROR((I6*(K6/8))/(39.3*J6),0) -> 563.35878 | M6: =G6 - H6 -> 686 | N6: =MAX(0, G6-H6-L6) -> 122.64122 | O6: =(D6*N6)/1000 -> 15.330153
A7: 08/074 | B7: Chromo | C7: 80 | D7: 290 | E7: 747 | F7: 930 | G7: =IFERROR(SUMIF(Issues!B:B, A7, Issues!H:H), 0) -> 1000 | H7: =IFERROR(SUMIF(Returns!B:B, A7, Returns!H:H), 0) -> 0 | I7: 5200 | J7: 2 | K7: 94 | L7: =IFERROR((I7*(K7/8))/(39.3*J7),0) -> 777.35369 | M7: =G7 - H7 -> 1000 | N7: =MAX(0, G7-H7-L7) -> 222.64631 | O7: =(D7*N7)/1000 -> 64.56743
A8: 08/096 | B8: Chromo | C8: 80 | D8: 125 | E8: 687 | F8: 960 | G8: =IFERROR(SUMIF(Issues!B:B, A8, Issues!H:H), 0) -> 2684 | H8: =IFERROR(SUMIF(Returns!B:B, A8, Returns!H:H), 0) -> 1724 | I8: 4450 | J8: 2 | K8: 108 | L8: =IFERROR((I8*(K8/8))/(39.3*J8),0) -> 764.31298 | M8: =G8 - H8 -> 960 | N8: =MAX(0, G8-H8-L8) -> 195.68702 | O8: =(D8*N8)/1000 -> 24.460878
A9: 08/040 | B9: Void | C9: 50 | D9: 165 | E9: 657 | F9: 1161 | G9: =IFERROR(SUMIF(Issues!B:B, A9, Issues!H:H), 0) -> 1350 | H9: =IFERROR(SUMIF(Returns!B:B, A9, Returns!H:H), 0) -> 0 | I9: 65300 | J9: 30 | K9: 124 | L9: =IFERROR((I9*(K9/8))/(39.3*J9),0) -> 858.48176 | M9: =G9 - H9 -> 1350 | N9: =MAX(0, G9-H9-L9) -> 491.51824 | O9: =(D9*N9)/1000 -> 81.100509
A10: 08/087 | B10: Chromo | C10: 80 | D10: 160 | E10: 429 | F10: 697 | G10: =IFERROR(SUMIF(Issues!B:B, A10, Issues!H:H), 0) -> 900 | H10: =IFERROR(SUMIF(Returns!B:B, A10, Returns!H:H), 0) -> 203 | I10: 12720 | J10: 8 | K10: 108 | L10: =IFERROR((I10*(K10/8))/(39.3*J10),0) -> 546.18321 | M10: =G10 - H10 -> 697 | N10: =MAX(0, G10-H10-L10) -> 150.81679 | O10: =(D10*N10)/1000 -> 24.130687
A11: 08/095 | B11: Chromo | C11: 80 | D11: 125 | E11: 515 | F11: 724 | G11: =IFERROR(SUMIF(Issues!B:B, A11, Issues!H:H), 0) -> 1015 | H11: =IFERROR(SUMIF(Returns!B:B, A11, Returns!H:H), 0) -> 290 | I11: 3150 | J11: 2 | K11: 108 | L11: =IFERROR((I11*(K11/8))/(39.3*J11),0) -> 541.03053 | M11: =G11 - H11 -> 725 | N11: =MAX(0, G11-H11-L11) -> 183.96947 | O11: =(D11*N11)/1000 -> 22.996183
A12: 08/104 | B12: Chromo | C12: 80 | D12: 125 | E12: 687 | F12: 955 | G12: =IFERROR(SUMIF(Issues!B:B, A12, Issues!H:H), 0) -> 2040 | H12: =IFERROR(SUMIF(Returns!B:B, A12, Returns!H:H), 0) -> 1440 | I12: 4500 | J12: 2 | K12: 108 | L12: =IFERROR((I12*(K12/8))/(39.3*J12),0) -> 772.90076 | M12: =G12 - H12 -> 600 | N12: =MAX(0, G12-H12-L12) -> 0 | O12: =(D12*N12)/1000 -> 0
A13: 08/108 | B13: Chromo | C13: 80 | D13: 125 | E13: 120 | F13: 259 | G13: =IFERROR(SUMIF(Issues!B:B, A13, Issues!H:H), 0) -> 1440 | H13: =IFERROR(SUMIF(Returns!B:B, A13, Returns!H:H), 0) -> 1180 | I13: 700 | J13: 2 | K13: 108 | L13: =IFERROR((I13*(K13/8))/(39.3*J13),0) -> 120.22901 | M13: =G13 - H13 -> 260 | N13: =MAX(0, G13-H13-L13) -> 139.77099 | O13: =(D13*N13)/1000 -> 17.471374
... A50: 09/019 | B50: Chromo | C50: 80 | D50: 140 | E50: 2634 | F50: 2920 | G50: =IFERROR(SUMIF(Issues!B:B, A50, Issues!H:H), 0) -> 3000 | H50: =IFERROR(SUMIF(Returns!B:B, A50, Returns!H:H), 0) -> 0 | I50: 12187 | J50: 1 | K50: 69 | L50: =IFERROR((I50*(K50/8))/(39.3*J50),0) -> 2674.6279 | M50: =G50 - H50 -> 3000 | N50: =MAX(0, G50-H50-L50) -> 325.37214 | O50: =(D50*N50)/1000 -> 45.552099
A51: 09/034 | B51: Chromo | C51: 80 | D51: 126 | E51: 596 | F51: 891 | G51: =IFERROR(SUMIF(Issues!B:B, A51, Issues!H:H), 0) -> 1260 | H51: =IFERROR(SUMIF(Returns!B:B, A51, Returns!H:H), 0) -> 350 | I51: 5400 | L51: =IFERROR((I51*(K51/8))/(39.3*J51),0) -> 0 | M51: =G51 - H51 -> 910 | N51: =MAX(0, G51-H51-L51) -> 910 | O51: =(D51*N51)/1000 -> 114.66
A52: 09/042 | B52: Chromo | C52: 80 | D52: 160 | E52: 849 | G52: =IFERROR(SUMIF(Issues!B:B, A52, Issues!H:H), 0) -> 1720 | H52: =IFERROR(SUMIF(Returns!B:B, A52, Returns!H:H), 0) -> 600 | I52: 3305 | J52: 1 | K52: 89 | L52: =IFERROR((I52*(K52/8))/(39.3*J52),0) -> 935.5757 | M52: =G52 - H52 -> 1120 | N52: =MAX(0, G52-H52-L52) -> 184.4243 | O52: =(D52*N52)/1000 -> 29.507888
A53: 09/034 | B53: Chromo | C53: 80 | D53: 126 | E53: 596 | F53: 891 | G53: =IFERROR(SUMIF(Issues!B:B, A53, Issues!H:H), 0) -> 1260 | H53: =IFERROR(SUMIF(Returns!B:B, A53, Returns!H:H), 0) -> 350 | I53: 5400 | J53: 2 | K53: 75 | L53: =IFERROR((I53*(K53/8))/(39.3*J53),0) -> 644.08397 | M53: =G53 - H53 -> 910 | N53: =MAX(0, G53-H53-L53) -> 265.91603 | O53: =(D53*N53)/1000 -> 33.50542
A54: 09/044 | B54: Chromo | C54: 80 | D54: 140 | E54: 658 | F54: 970 | G54: =IFERROR(SUMIF(Issues!B:B, A54, Issues!H:H), 0) -> 1500 | H54: =IFERROR(SUMIF(Returns!B:B, A54, Returns!H:H), 0) -> 500 | I54: 3782 | J54: 1 | K54: 69 | L54: =IFERROR((I54*(K54/8))/(39.3*J54),0) -> 830.01908 | M54: =G54 - H54 -> 1000 | N54: =MAX(0, G54-H54-L54) -> 169.98092 | O54: =(D54*N54)/1000 -> 23.797328
A55: 09/045 | B55: Chromo | C55: 80 | D55: 140 | E55: 2195 | F55: 2489 | G55: =IFERROR(SUMIF(Issues!B:B, A55, Issues!H:H), 0) -> 3880 | H55: =IFERROR(SUMIF(Returns!B:B, A55, Returns!H:H), 0) -> 1360 | I55: 10780 | J55: 1 | K55: 69 | L55: =IFERROR((I55*(K55/8))/(39.3*J55),0) -> 2365.8397 | M55: =G55 - H55 -> 2520 | N55: =MAX(0, G55-H55-L55) -> 154.16031 | O55: =(D55*N55)/1000 -> 21.582443
A56: 07/181 | B56: PP WHITE | D56: 167 | E56: 314 | F56: 630 | G56: 2000 | H56: =IFERROR(SUMIF(Returns!B:B, A56, Returns!H:H), 0) -> 1350 | I56: 14700 | J56: 9 | K56: 89 | L56: =IFERROR((I56*(K56/8))/(39.3*J56),0) -> 462.36217 | M56: =G56 - H56 -> 650 | N56: =MAX(0, G56-H56-L56) -> 187.63783 | O56: =(D56*N56)/1000 -> 31.335517
A57: 09/038 | B57: Chromo | C57: 80 | D57: 320 | E57: 344 | F57: 489 | G57: =IFERROR(SUMIF(Issues!B:B, A57, Issues!H:H), 0) -> 530 | H57: =IFERROR(SUMIF(Returns!B:B, A57, Returns!H:H), 0) -> 0 | I57: 2200 | J57: 2 | K57: 108 | L57: =IFERROR((I57*(K57/8))/(39.3*J57),0) -> 377.8626 | M57: =G57 - H57 -> 530 | N57: =MAX(0, G57-H57-L57) -> 152.1374 | O57: =(D57*N57)/1000 -> 48.683969
A58: 09/039 | B58: Chromo | C58: 80 | D58: 125 | E58: 1718 | F58: 2015 | G58: =IFERROR(SUMIF(Issues!B:B, A58, Issues!H:H), 0) -> 2600 | H58: =IFERROR(SUMIF(Returns!B:B, A58, Returns!H:H), 0) -> 700 | I58: 10600 | J58: 3 | K58: 108 | L58: =IFERROR((I58*(K58/8))/(39.3*J58),0) -> 1213.7405 | M58: =G58 - H58 -> 1900 | N58: =MAX(0, G58-H58-L58) -> 686.25954 | O58: =(D58*N58)/1000 -> 85.782443
A59: 09/061 | B59: Chromo | C59: 80 | D59: 190 | E59: 495 | F59: 770 | G59: =IFERROR(SUMIF(Issues!B:B, A59, Issues!H:H), 0) -> 1100 | H59: =IFERROR(SUMIF(Returns!B:B, A59, Returns!H:H), 0) -> 300 | I59: 7000 | J59: 4 | K59: 89 | L59: =IFERROR((I59*(K59/8))/(39.3*J59),0) -> 495.38804 | M59: =G59 - H59 -> 800 | N59: =MAX(0, G59-H59-L59) -> 304.61196 | O59: =(D59*N59)/1000 -> 57.876272
A60: 08/135 | B60: Chromo | C60: 80 | D60: 160 | E60: 2831 | F60: 3287 | G60: =IFERROR(SUMIF(Issues!B:B, A60, Issues!H:H), 0) -> 3500 | H60: =IFERROR(SUMIF(Returns!B:B, A60, Returns!H:H), 0) -> 200 | I60: 10600 | J60: 1 | K60: 89 | L60: =IFERROR((I60*(K60/8))/(39.3*J60),0) -> 3000.6361 | M60: =G60 - H60 -> 3300 | N60: =MAX(0, G60-H60-L60) -> 299.36387 | O60: =(D60*N60)/1000 -> 47.898219
A61: 09/035 | B61: Chromo | C61: 80 | D61: 160 | E61: 5666 | F61: 6113 | G61: =IFERROR(SUMIF(Issues!B:B, A61, Issues!H:H), 0) -> 6650 | H61: =IFERROR(SUMIF(Returns!B:B, A61, Returns!H:H), 0) -> 500 | I61: 20000 | J61: 1 | K61: 89 | L61: =IFERROR((I61*(K61/8))/(39.3*J61),0) -> 5661.5776 | M61: =G61 - H61 -> 6150 | N61: =MAX(0, G61-H61-L61) -> 488.42239 | O61: =(D61*N61)/1000 -> 78.147583
A62: 09/040 | B62: Chromo | C62: 80 | D62: 160 | E62: 1415 | F62: 1756 | G62: =IFERROR(SUMIF(Issues!B:B, A62, Issues!H:H), 0) -> 1750 | H62: =IFERROR(SUMIF(Returns!B:B, A62, Returns!H:H), 0) -> 0 | I62: 5717 | J62: 1 | K62: 89 | L62: =IFERROR((I62*(K62/8))/(39.3*J62),0) -> 1618.362 | M62: =G62 - H62 -> 1750 | N62: =MAX(0, G62-H62-L62) -> 131.63804 | O62: =(D62*N62)/1000 -> 21.062087
A63: 09/065 | B63: Chromo | C63: 80 | D63: 140 | E63: 732 | F63: 917 | G63: =IFERROR(SUMIF(Issues!B:B, A63, Issues!H:H), 0) -> 1300 | H63: =IFERROR(SUMIF(Returns!B:B, A63, Returns!H:H), 0) -> 380 | I63: 10990 | J63: 4 | K63: 92 | L63: =IFERROR((I63*(K63/8))/(39.3*J63),0) -> 803.97583 | M63: =G63 - H63 -> 920 | N63: =MAX(0, G63-H63-L63) -> 116.02417 | O63: =(D63*N63)/1000 -> 16.243384
A64: 09/048 | B64: Chromo | C64: 80 | D64: 230 | E64: 657 | F64: 818 | G64: =IFERROR(SUMIF(Issues!B:B, A64, Issues!H:H), 0) -> 1300 | H64: =IFERROR(SUMIF(Returns!B:B, A64, Returns!H:H), 0) -> 450 | I64: 10390 | J64: 6 | K64: 124 | L64: =IFERROR((I64*(K64/8))/(39.3*J64),0) -> 682.97286 | M64: =G64 - H64 -> 850 | N64: =MAX(0, G64-H64-L64) -> 167.02714 | O64: =(D64*N64)/1000 -> 38.416243
A65: 09/053 | B65: Chromo | C65: 80 | D65: 230 | E65: 263 | F65: 470 | G65: =IFERROR(SUMIF(Issues!B:B, A65, Issues!H:H), 0) -> 1780 | H65: =IFERROR(SUMIF(Returns!B:B, A65, Returns!H:H), 0) -> 1300 | I65: 6060 | J65: 6 | K65: 124 | L65: =IFERROR((I65*(K65/8))/(39.3*J65),0) -> 398.34606 | M65: =G65 - H65 -> 480 | N65: =MAX(0, G65-H65-L65) -> 81.653944 | O65: =(D65*N65)/1000 -> 18.780407
A66: 09/054 | B66: Chromo | C66: 80 | D66: 230 | E66: 4126 | F66: 4400 | G66: =IFERROR(SUMIF(Issues!B:B, A66, Issues!H:H), 0) -> 5200 | H66: =IFERROR(SUMIF(Returns!B:B, A66, Returns!H:H), 0) -> 700 | I66: 29137 | J66: 2 | K66: 92 | L66: =IFERROR((I66*(K66/8))/(39.3*J66),0) -> 4263.0471 | M66: =G66 - H66 -> 4500 | N66: =MAX(0, G66-H66-L66) -> 236.95293 | O66: =(D66*N66)/1000 -> 54.499173
A67: 09/055 | B67: Chromo | C67: 80 | D67: 210 | E67: 1535 | G67: =IFERROR(SUMIF(Issues!B:B, A67, Issues!H:H), 0) -> 1800 | H67: =IFERROR(SUMIF(Returns!B:B, A67, Returns!H:H), 0) -> 0 | I67: 24025 | J67: 6 | K67: 124 | L67: =IFERROR((I67*(K67/8))/(39.3*J67),0) -> 1579.2515 | M67: =G67 - H67 -> 1800 | N67: =MAX(0, G67-H67-L67) -> 220.74852 | O67: =(D67*N67)/1000 -> 46.357188
A68: 09/059 | B68: Chromo | C68: 80 | D68: 126 | E68: 754 | F68: 1131 | G68: =IFERROR(SUMIF(Issues!B:B, A68, Issues!H:H), 0) -> 1700 | H68: =IFERROR(SUMIF(Returns!B:B, A68, Returns!H:H), 0) -> 580 | I68: 3500 | J68: 1 | K68: 79 | L68: =IFERROR((I68*(K68/8))/(39.3*J68),0) -> 879.45293 | M68: =G68 - H68 -> 1120 | N68: =MAX(0, G68-H68-L68) -> 240.54707 | O68: =(D68*N68)/1000 -> 30.308931
A69: 09/060 | B69: Chromo | C69: 80 | D69: 140 | E69: 945 | F69: 1300 | G69: =IFERROR(SUMIF(Issues!B:B, A69, Issues!H:H), 0) -> 1300 | H69: =IFERROR(SUMIF(Returns!B:B, A69, Returns!H:H), 0) -> 0 | I69: 3350 | J69: 1 | K69: 99 | L69: =IFERROR((I69*(K69/8))/(39.3*J69),0) -> 1054.8664 | M69: =G69 - H69 -> 1300 | N69: =MAX(0, G69-H69-L69) -> 245.13359 | O69: =(D69*N69)/1000 -> 34.318702
A70: 09/066 | B70: Chromo | C70: 80 | D70: 140 | E70: 366 | F70: 540 | G70: =IFERROR(SUMIF(Issues!B:B, A70, Issues!H:H), 0) -> 1900 | H70: =IFERROR(SUMIF(Returns!B:B, A70, Returns!H:H), 0) -> 1360 | I70: 5600 | J70: 4 | K70: 92 | L70: =IFERROR((I70*(K70/8))/(39.3*J70),0) -> 409.66921 | M70: =G70 - H70 -> 540 | N70: =MAX(0, G70-H70-L70) -> 130.33079 | O70: =(D70*N70)/1000 -> 18.24631
A71: 09/067 | B71: Chromo | C71: 80 | D71: 230 | E71: 394 | F71: 583 | G71: =IFERROR(SUMIF(Issues!B:B, A71, Issues!H:H), 0) -> 700 | H71: =IFERROR(SUMIF(Returns!B:B, A71, Returns!H:H), 0) -> 100 | I71: 7500 | J71: 6 | K71: 124 | L71: =IFERROR((I71*(K71/8))/(39.3*J71),0) -> 493.00254 | M71: =G71 - H71 -> 600 | N71: =MAX(0, G71-H71-L71) -> 106.99746 | O71: =(D71*N71)/1000 -> 24.609415
A72: 09/074 | B72: Chromo | C72: 80 | D72: 230 | E72: 394 | F72: 620 | G72: =IFERROR(SUMIF(Issues!B:B, A72, Issues!H:H), 0) -> 900 | H72: =IFERROR(SUMIF(Returns!B:B, A72, Returns!H:H), 0) -> 280 | I72: 7710 | J72: 6 | K72: 124 | L72: =IFERROR((I72*(K72/8))/(39.3*J72),0) -> 506.80662 | M72: =G72 - H72 -> 620 | N72: =MAX(0, G72-H72-L72) -> 113.19338 | O72: =(D72*N72)/1000 -> 26.034478
A73: 09/075 | B73: Chromo | C73: 80 | D73: 230 | E73: 329 | F73: 500 | G73: =IFERROR(SUMIF(Issues!B:B, A73, Issues!H:H), 0) -> 1400 | H73: =IFERROR(SUMIF(Returns!B:B, A73, Returns!H:H), 0) -> 900 | I73: 6290 | J73: 6 | K73: 124 | L73: =IFERROR((I73*(K73/8))/(39.3*J73),0) -> 413.4648 | M73: =G73 - H73 -> 500 | N73: =MAX(0, G73-H73-L73) -> 86.535199 | O73: =(D73*N73)/1000 -> 19.903096
A74: 09/041 | B74: Chromo | C74: 80 | D74: 260 | E74: 1887 | F74: 2225 | G74: =IFERROR(SUMIF(Issues!B:B, A74, Issues!H:H), 0) -> 2400 | H74: =IFERROR(SUMIF(Returns!B:B, A74, Returns!H:H), 0) -> 150 | I74: 20635 | J74: 3 | K74: 89 | L74: =IFERROR((I74*(K74/8))/(39.3*J74),0) -> 1947.1109 | M74: =G74 - H74 -> 2250 | N74: =MAX(0, G74-H74-L74) -> 302.8891 | O74: =(D74*N74)/1000 -> 78.751166
A75: 09/062 | B75: Chromo | C75: 80 | D75: 126 | E75: 628 | F75: 800 | G75: =IFERROR(SUMIF(Issues!B:B, A75, Issues!H:H), 0) -> 1250 | H75: =IFERROR(SUMIF(Returns!B:B, A75, Returns!H:H), 0) -> 400 | I75: 2850 | J75: 1 | K75: 79 | L75: =IFERROR((I75*(K75/8))/(39.3*J75),0) -> 716.12595 | M75: =G75 - H75 -> 850 | N75: =MAX(0, G75-H75-L75) -> 133.87405 | O75: =(D75*N75)/1000 -> 16.86813
A76: 09/063 | B76: Chromo | C76: 80 | D76: 140 | E76: 262 | F76: 457 | G76: =IFERROR(SUMIF(Issues!B:B, A76, Issues!H:H), 0) -> 650 | H76: =IFERROR(SUMIF(Returns!B:B, A76, Returns!H:H), 0) -> 150 | I76: 3000 | J76: 2 | K76: 66 | L76: =IFERROR((I76*(K76/8))/(39.3*J76),0) -> 314.8855 | M76: =G76 - H76 -> 500 | N76: =MAX(0, G76-H76-L76) -> 185.1145 | O76: =(D76*N76)/1000 -> 25.916031
A77: 09/076 | B77: Chromo | C77: 80 | D77: 160 | E77: 1698 | F77: 2014 | G77: =IFERROR(SUMIF(Issues!B:B, A77, Issues!H:H), 0) -> 2100 | H77: =IFERROR(SUMIF(Returns!B:B, A77, Returns!H:H), 0) -> 0 | I77: 6670 | J77: 1 | K77: 89 | L77: =IFERROR((I77*(K77/8))/(39.3*J77),0) -> 1888.1361 | M77: =G77 - H77 -> 2100 | N77: =MAX(0, G77-H77-L77) -> 211.86387 | O77: =(D77*N77)/1000 -> 33.898219
A78: 09/064 | B78: Chromo | C78: 80 | D78: 330 | E78: 3414 | F78: 3902 | G78: =IFERROR(SUMIF(Issues!B:B, A78, Issues!H:H), 0) -> 3980 | H78: =IFERROR(SUMIF(Returns!B:B, A78, Returns!H:H), 0) -> 0 | I78: 210000 | J78: 18 | K78: 92 | L78: =IFERROR((I78*(K78/8))/(39.3*J78),0) -> 3413.9101 | M78: =G78 - H78 -> 3980 | N78: =MAX(0, G78-H78-L78) -> 566.08991 | O78: =(D78*N78)/1000 -> 186.80967
A79: 09/069 | B79: Chromo | C79: 80 | D79: 160 | E79: 2114 | F79: 2650 | G79: =IFERROR(SUMIF(Issues!B:B, A79, Issues!H:H), 0) -> 2700 | H79: =IFERROR(SUMIF(Returns!B:B, A79, Returns!H:H), 0) -> 0 | I79: 5060 | J79: 1 | K79: 92 | L79: =IFERROR((I79*(K79/8))/(39.3*J79),0) -> 1480.6616 | M79: =G79 - H79 -> 2700 | N79: =MAX(0, G79-H79-L79) -> 1219.3384 | O79: =(D79*N79)/1000 -> 195.09415
... A83: 09/080 | B83: Chromo | C83: 80 | D83: 160 | E83: 25 | F83: 250 | G83: =IFERROR(SUMIF(Issues!B:B, A83, Issues!H:H), 0) -> 250 | H83: =IFERROR(SUMIF(Returns!B:B, A83, Returns!H:H), 0) -> 580 | I83: 3000 | J83: 28 | K83: 72 | L83: =IFERROR((I83*(K83/8))/(39.3*J83),0) -> 24.536532 | M83: =G83 - H83 -> -330 | N83: =MAX(0, G83-H83-L83) -> 0 | O83: =(D83*N83)/1000 -> 0
A84: 08/121 | B84: PP WHITE | C84: 60 | D84: 100 | E84: 80 | F84: 234 | G84: =IFERROR(SUMIF(Issues!B:B, A84, Issues!H:H), 0) -> 2000 | H84: =IFERROR(SUMIF(Returns!B:B, A84, Returns!H:H), 0) -> 1760 | J84: 2 | K84: 99 | L84: =IFERROR((I84*(K84/8))/(39.3*J84),0) -> 0 | M84: =G84 - H84 -> 240 | N84: =MAX(0, G84-H84-L84) -> 240 | O84: =(D84*N84)/1000 -> 24
A85: 08/122 | B85: PP WHITE | C85: 60 | D85: 160 | E85: 435 | F85: 638 | G85: =IFERROR(SUMIF(Issues!B:B, A85, Issues!H:H), 0) -> 1960 | H85: =IFERROR(SUMIF(Returns!B:B, A85, Returns!H:H), 0) -> 1300 | J85: 2 | K85: 66 | L85: =IFERROR((I85*(K85/8))/(39.3*J85),0) -> 0 | M85: =G85 - H85 -> 660 | N85: =MAX(0, G85-H85-L85) -> 660 | O85: =(D85*N85)/1000 -> 105.6
A86: 09/071 | B86: Chromo | C86: 80 | D86: 160 | E86: 394 | F86: 670 | G86: =IFERROR(SUMIF(Issues!B:B, A86, Issues!H:H), 0) -> 900 | H86: =IFERROR(SUMIF(Returns!B:B, A86, Returns!H:H), 0) -> 180 | I86: 4580 | J86: 4 | K86: 99 | L86: =IFERROR((I86*(K86/8))/(39.3*J86),0) -> 360.54389 | M86: =G86 - H86 -> 720 | N86: =MAX(0, G86-H86-L86) -> 359.45611 | O86: =(D86*N86)/1000 -> 57.512977
A87: 09/093 | B87: Chromo | C87: 80 | D87: 185 | E87: 3436 | F87: 3790 | G87: =IFERROR(SUMIF(Issues!B:B, A87, Issues!H:H), 0) -> 4790 | H87: =IFERROR(SUMIF(Returns!B:B, A87, Returns!H:H), 0) -> 1000 | I87: 31180 | J87: 2 | K87: 72 | L87: =IFERROR((I87*(K87/8))/(39.3*J87),0) -> 3570.229 | M87: =G87 - H87 -> 3790 | N87: =MAX(0, G87-H87-L87) -> 219.77099 | O87: =(D87*N87)/1000 -> 40.657634
A88: 09/088 | B88: Chromo | C88: 80 | D88: 290 | E88: 747 | F88: 922 | G88: =IFERROR(SUMIF(Issues!B:B, A88, Issues!H:H), 0) -> 1000 | H88: =IFERROR(SUMIF(Returns!B:B, A88, Returns!H:H), 0) -> 0 | I88: 5460 | J88: 2 | K88: 94 | L88: =IFERROR((I88*(K88/8))/(39.3*J88),0) -> 816.22137 | M88: =G88 - H88 -> 1000 | N88: =MAX(0, G88-H88-L88) -> 183.77863 | O88: =(D88*N88)/1000 -> 53.295802
A89: 09/091 | B89: Chromo | C89: 80 | D89: 125 | E89: 1013 | F89: 1185 | G89: =IFERROR(SUMIF(Issues!B:B, A89, Issues!H:H), 0) -> 2100 | H89: =IFERROR(SUMIF(Returns!B:B, A89, Returns!H:H), 0) -> 900 | I89: 6770 | J89: 2 | K89: 108 | L89: =IFERROR((I89*(K89/8))/(39.3*J89),0) -> 1162.7863 | M89: =G89 - H89 -> 1200 | N89: =MAX(0, G89-H89-L89) -> 37.21374 | O89: =(D89*N89)/1000 -> 4.6517176
A90: 09/092 | B90: Chromo | C90: 80 | D90: 320 | E90: 2451 | F90: 2751 | G90: =IFERROR(SUMIF(Issues!B:B, A90, Issues!H:H), 0) -> 4000 | H90: =IFERROR(SUMIF(Returns!B:B, A90, Returns!H:H), 0) -> 1240 | I90: 69500 | J90: 8 | K90: 94 | L90: =IFERROR((I90*(K90/8))/(39.3*J90),0) -> 2597.4078 | M90: =G90 - H90 -> 2760 | N90: =MAX(0, G90-H90-L90) -> 162.59224 | O90: =(D90*N90)/1000 -> 52.029517
A91: 09/001 | B91: SILVER PAPER | C91: 80 | D91: 140 | E91: 1097 | F91: 1427 | G91: =IFERROR(SUMIF(Issues!B:B, A91, Issues!H:H), 0) -> 1500 | H91: =IFERROR(SUMIF(Returns!B:B, A91, Returns!H:H), 0) -> 0 | I91: 5450 | J91: 1 | K91: 69 | L91: =IFERROR((I91*(K91/8))/(39.3*J91),0) -> 1196.0878 | M91: =G91 - H91 -> 1500 | N91: =MAX(0, G91-H91-L91) -> 303.91221 | O91: =(D91*N91)/1000 -> 42.54771
A92: 09/012 | B92: SILVER PAPER | C92: 80 | D92: 280 | E92: 1024 | F92: 1500 | G92: =IFERROR(SUMIF(Issues!B:B, A92, Issues!H:H), 0) -> 1500 | H92: =IFERROR(SUMIF(Returns!B:B, A92, Returns!H:H), 0) -> 0 | I92: 7220 | J92: 1 | K92: 92 | L92: =IFERROR((I92*(K92/8))/(39.3*J92),0) -> 2112.7226 | M92: =G92 - H92 -> 1500 | N92: =MAX(0, G92-H92-L92) -> 0 | O92: =(D92*N92)/1000 -> 0
A93: 09/029 | B93: Chromo | C93: 80 | D93: 180 | E93: 283 | F93: 528 | G93: =IFERROR(SUMIF(Issues!B:B, A93, Issues!H:H), 0) -> 600 | H93: =IFERROR(SUMIF(Returns!B:B, A93, Returns!H:H), 0) -> 0 | I93: 1490 | J93: 1 | K93: 89 | L93: =IFERROR((I93*(K93/8))/(39.3*J93),0) -> 421.78753 | M93: =G93 - H93 -> 600 | N93: =MAX(0, G93-H93-L93) -> 178.21247 | O93: =(D93*N93)/1000 -> 32.078244
A94: 09/084 | B94: Chromo | C94: 80 | D94: 290 | E94: 747 | F94: 997 | G94: =IFERROR(SUMIF(Issues!B:B, A94, Issues!H:H), 0) -> 2200 | H94: =IFERROR(SUMIF(Returns!B:B, A94, Returns!H:H), 0) -> 1200 | I94: 5900 | J94: 2 | K94: 94 | L94: =IFERROR((I94*(K94/8))/(39.3*J94),0) -> 881.99746 | M94: =G94 - H94 -> 1000 | N94: =MAX(0, G94-H94-L94) -> 118.00254 | O94: =(D94*N94)/1000 -> 34.220738
A95: 09/087 | B95: Chromo | C95: 80 | D95: 290 | E95: 1495 | F95: 1770 | G95: =IFERROR(SUMIF(Issues!B:B, A95, Issues!H:H), 0) -> 2000 | H95: =IFERROR(SUMIF(Returns!B:B, A95, Returns!H:H), 0) -> 200 | I95: 7640 | J95: 2 | K95: 94 | L95: =IFERROR((I95*(K95/8))/(39.3*J95),0) -> 1142.112 | M95: =G95 - H95 -> 1800 | N95: =MAX(0, G95-H95-L95) -> 657.88804 | O95: =(D95*N95)/1000 -> 190.78753
A96: 09/089 | B96: Chromo | C96: 80 | D96: 210 | E96: 3812 | F96: 4155 | G96: =IFERROR(SUMIF(Issues!B:B, A96, Issues!H:H), 0) -> 6000 | H96: =IFERROR(SUMIF(Returns!B:B, A96, Returns!H:H), 0) -> 1800 | I96: 11300 | J96: 1 | K96: 112 | L96: =IFERROR((I96*(K96/8))/(39.3*J96),0) -> 4025.4453 | M96: =G96 - H96 -> 4200 | N96: =MAX(0, G96-H96-L96) -> 174.55471 | O96: =(D96*N96)/1000 -> 36.656489
A97: 09/094 | B97: Chromo | C97: 80 | D97: 160 | E97: 1273 | F97: 1400 | G97: =IFERROR(SUMIF(Issues!B:B, A97, Issues!H:H), 0) -> 2000 | H97: =IFERROR(SUMIF(Returns!B:B, A97, Returns!H:H), 0) -> 550 | J97: 1 | K97: 92 | L97: =IFERROR((I97*(K97/8))/(39.3*J97),0) -> 0 | M97: =G97 - H97 -> 1450 | N97: =MAX(0, G97-H97-L97) -> 1450 | O97: =(D97*N97)/1000 -> 232
A98: 09/097 | B98: PP WHITE | C98: 50 | D98: 160 | E98: 76 | F98: 240 | G98: =IFERROR(SUMIF(Issues!B:B, A98, Issues!H:H), 0) -> 600 | H98: =IFERROR(SUMIF(Returns!B:B, A98, Returns!H:H), 0) -> 300 | J98: 2 | K98: 94 | L98: =IFERROR((I98*(K98/8))/(39.3*J98),0) -> 0 | M98: =G98 - H98 -> 300 | N98: =MAX(0, G98-H98-L98) -> 300 | O98: =(D98*N98)/1000 -> 48
A99: 09/030 | B99: Chromo | C99: 80 | D99: 330 | E99: 157 | F99: 363 | G99: =IFERROR(SUMIF(Issues!B:B, A99, Issues!H:H), 0) -> 1100 | H99: =IFERROR(SUMIF(Returns!B:B, A99, Returns!H:H), 0) -> 700 | I99: 4240 | J99: 4 | K99: 66 | L99: =IFERROR((I99*(K99/8))/(39.3*J99),0) -> 222.51908 | M99: =G99 - H99 -> 400 | N99: =MAX(0, G99-H99-L99) -> 177.48092 | O99: =(D99*N99)/1000 -> 58.568702
A100: 09/031 | B100: Chromo | C100: 80 | D100: 180 | E100: 335 | F100: 523 | G100: =IFERROR(SUMIF(Issues!B:B, A100, Issues!H:H), 0) -> 2000 | H100: =IFERROR(SUMIF(Returns!B:B, A100, Returns!H:H), 0) -> 1450 | I100: 6000 | J100: 6 | K100: 108 | L100: =IFERROR((I100*(K100/8))/(39.3*J100),0) -> 343.51145 | M100: =G100 - H100 -> 550 | N100: =MAX(0, G100-H100-L100) -> 206.48855 | O100: =(D100*N100)/1000 -> 37.167939
A101: 09/032 | B101: Chromo | C101: 80 | D101: 125 | E101: 389 | F101: 565 | G101: =IFERROR(SUMIF(Issues!B:B, A101, Issues!H:H), 0) -> 650 | H101: =IFERROR(SUMIF(Returns!B:B, A101, Returns!H:H), 0) -> 0 | I101: 1920 | J101: 1 | K101: 72 | L101: =IFERROR((I101*(K101/8))/(39.3*J101),0) -> 439.69466 | M101: =G101 - H101 -> 650 | N101: =MAX(0, G101-H101-L101) -> 210.30534 | O101: =(D101*N101)/1000 -> 26.288168
A102: 09/068 | B102: Chromo | C102: 80 | D102: 230 | E102: 5937 | F102: 6300 | G102: =IFERROR(SUMIF(Issues!B:B, A102, Issues!H:H), 0) -> 8000 | H102: =IFERROR(SUMIF(Returns!B:B, A102, Returns!H:H), 0) -> 1000 | I102: 51780 | J102: 3 | K102: 112 | L102: =IFERROR((I102*(K102/8))/(39.3*J102),0) -> 6148.6005 | M102: =G102 - H102 -> 7000 | N102: =MAX(0, G102-H102-L102) -> 851.39949 | O102: =(D102*N102)/1000 -> 195.82188
A103: 09/086 | B103: Chromo | C103: 80 | D103: 250 | E103: 954 | F103: 1100 | G103: =IFERROR(SUMIF(Issues!B:B, A103, Issues!H:H), 0) -> 2000 | H103: =IFERROR(SUMIF(Returns!B:B, A103, Returns!H:H), 0) -> 850 | I103: 12870 | J103: 3 | K103: 75 | L103: =IFERROR((I103*(K103/8))/(39.3*J103),0) -> 1023.3779 | M103: =G103 - H103 -> 1150 | N103: =MAX(0, G103-H103-L103) -> 126.62214 | O103: =(D103*N103)/1000 -> 31.655534
A104: 09/085 | B104: Chromo | C104: 80 | D104: 170 | E104: 369 | F104: 567 | G104: =IFERROR(SUMIF(Issues!B:B, A104, Issues!H:H), 0) -> 2050 | H104: =IFERROR(SUMIF(Returns!B:B, A104, Returns!H:H), 0) -> 1450 | I104: 4800 | J104: 4 | K104: 116 | L104: =IFERROR((I104*(K104/8))/(39.3*J104),0) -> 442.74809 | M104: =G104 - H104 -> 600 | N104: =MAX(0, G104-H104-L104) -> 157.25191 | O104: =(D104*N104)/1000 -> 26.732824
A105: 09/090 | B105: Chromo | C105: 80 | D105: 160 | E105: 859 | F105: 1185 | G105: =IFERROR(SUMIF(Issues!B:B, A105, Issues!H:H), 0) -> 1900 | H105: =IFERROR(SUMIF(Returns!B:B, A105, Returns!H:H), 0) -> 700 | I105: 1800 | J105: 1 | K105: 180 | L105: =IFERROR((I105*(K105/8))/(39.3*J105),0) -> 1030.5344 | M105: =G105 - H105 -> 1200 | N105: =MAX(0, G105-H105-L105) -> 169.46565 | O105: =(D105*N105)/1000 -> 27.114504
A106: 09/099 | B106: Chromo | C106: 80 | D106: 290 | E106: 747 | F106: 931 | G106: =IFERROR(SUMIF(Issues!B:B, A106, Issues!H:H), 0) -> 2000 | H106: =IFERROR(SUMIF(Returns!B:B, A106, Returns!H:H), 0) -> 1030 | I106: 5340 | J106: 2 | K106: 94 | L106: =IFERROR((I106*(K106/8))/(39.3*J106),0) -> 798.28244 | M106: =G106 - H106 -> 970 | N106: =MAX(0, G106-H106-L106) -> 171.71756 | O106: =(D106*N106)/1000 -> 49.798092
A107: 09/077 | B107: PP WHITE | C107: 50 | D107: 190 | E107: 600 | F107: 886 | G107: =IFERROR(SUMIF(Issues!B:B, A107, Issues!H:H), 0) -> 1050 | H107: =IFERROR(SUMIF(Returns!B:B, A107, Returns!H:H), 0) -> 100 | I107: 4600 | J107: 2 | K107: 94 | L107: =IFERROR((I107*(K107/8))/(39.3*J107),0) -> 687.65903 | M107: =G107 - H107 -> 950 | N107: =MAX(0, G107-H107-L107) -> 262.34097 | O107: =(D107*N107)/1000 -> 49.844784
A108: 09/046 | B108: Chromo | C108: 80 | D108: 230 | E108: 3562 | F108: 4300 | G108: =IFERROR(SUMIF(Issues!B:B, A108, Issues!H:H), 0) -> 5050 | H108: =IFERROR(SUMIF(Returns!B:B, A108, Returns!H:H), 0) -> 500 | I108: 32870 | J108: 3 | K108: 112 | L108: =IFERROR((I108*(K108/8))/(39.3*J108),0) -> 3903.1383 | M108: =G108 - H108 -> 4550 | N108: =MAX(0, G108-H108-L108) -> 646.86175 | O108: =(D108*N108)/1000 -> 148.7782
A109: 09/047 | B109: Chromo | C109: 80 | D109: 250 | E109: 11874 | F109: 12736 | G109: =IFERROR(SUMIF(Issues!B:B, A109, Issues!H:H), 0) -> 12750 | H109: =IFERROR(SUMIF(Returns!B:B, A109, Returns!H:H), 0) -> 0 | I109: 103020 | J109: 3 | K109: 112 | L109: =IFERROR((I109*(K109/8))/(39.3*J109),0) -> 12233.079 | M109: =G109 - H109 -> 12750 | N109: =MAX(0, G109-H109-L109) -> 516.92112 | O109: =(D109*N109)/1000 -> 129.23028
A110: 09/116 | B110: Chromo | C110: 80 | D110: 170 | E110: 2212 | F110: 2620 | G110: =IFERROR(SUMIF(Issues!B:B, A110, Issues!H:H), 0) -> 2800 | H110: =IFERROR(SUMIF(Returns!B:B, A110, Returns!H:H), 0) -> 180 | I110: 7990 | J110: 1 | K110: 94 | L110: =IFERROR((I110*(K110/8))/(39.3*J110),0) -> 2388.8677 | M110: =G110 - H110 -> 2620 | N110: =MAX(0, G110-H110-L110) -> 231.13232 | O110: =(D110*N110)/1000 -> 39.292494
... A115: 09/117 | B115: Chromo | C115: 80 | D115: 180 | E115: 286 | F115: 526 | G115: =IFERROR(SUMIF(Issues!B:B, A115, Issues!H:H), 0) -> 2000 | H115: =IFERROR(SUMIF(Returns!B:B, A115, Returns!H:H), 0) -> 1450 | I115: 685 | J115: 1 | K115: 180 | L115: =IFERROR((I115*(K115/8))/(39.3*J115),0) -> 392.17557 | M115: =G115 - H115 -> 550 | N115: =MAX(0, G115-H115-L115) -> 157.82443 | O115: =(D115*N115)/1000 -> 28.408397
A116: 09/114 | B116: Chromo | C116: 80 | D116: 210 | E116: 2766 | F116: 3107 | G116: =IFERROR(SUMIF(Issues!B:B, A116, Issues!H:H), 0) -> 4400 | H116: =IFERROR(SUMIF(Returns!B:B, A116, Returns!H:H), 0) -> 1290 | I116: 38000 | L116: =IFERROR((I116*(K116/8))/(39.3*J116),0) -> 0 | M116: =G116 - H116 -> 3110 | N116: =MAX(0, G116-H116-L116) -> 3110 | O116: =(D116*N116)/1000 -> 653.1
A117: 09/115 | B117: Chromo | C117: 80 | D117: 250 | E117: 2302 | F117: 2617 | G117: =IFERROR(SUMIF(Issues!B:B, A117, Issues!H:H), 0) -> 2950 | H117: =IFERROR(SUMIF(Returns!B:B, A117, Returns!H:H), 0) -> 300 | I117: 24600 | J117: 3 | K117: 94 | L117: =IFERROR((I117*(K117/8))/(39.3*J117),0) -> 2451.6539 | M117: =G117 - H117 -> 2650 | N117: =MAX(0, G117-H117-L117) -> 198.34606 | O117: =(D117*N117)/1000 -> 49.586514
A118: 09/081 | B118: Chromo | C118: 80 | D118: 290 | E118: 221 | F118: 420 | G118: =IFERROR(SUMIF(Issues!B:B, A118, Issues!H:H), 0) -> 1050 | H118: =IFERROR(SUMIF(Returns!B:B, A118, Returns!H:H), 0) -> 600 | I118: 4710 | J118: 6 | K118: 116 | L118: =IFERROR((I118*(K118/8))/(39.3*J118),0) -> 289.63104 | M118: =G118 - H118 -> 450 | N118: =MAX(0, G118-H118-L118) -> 160.36896 | O118: =(D118*N118)/1000 -> 46.506997
A119: 09/098 | B119: Chromo | C119: 80 | D119: 125 | E119: 515 | F119: 730 | G119: =IFERROR(SUMIF(Issues!B:B, A119, Issues!H:H), 0) -> 1000 | H119: =IFERROR(SUMIF(Returns!B:B, A119, Returns!H:H), 0) -> 0 | I119: 3760 | J119: 2 | K119: 108 | L119: =IFERROR((I119*(K119/8))/(39.3*J119),0) -> 645.80153 | M119: =G119 - H119 -> 1000 | N119: =MAX(0, G119-H119-L119) -> 354.19847 | O119: =(D119*N119)/1000 -> 44.274809
A120: 09/101 | B120: SILVER PAPER | C120: 80 | D120: 167 | E120: 5852 | F120: 6464 | G120: =IFERROR(SUMIF(Issues!B:B, A120, Issues!H:H), 0) -> 7500 | H120: =IFERROR(SUMIF(Returns!B:B, A120, Returns!H:H), 0) -> 1000 | I120: 20950 | J120: 1 | K120: 92 | L120: =IFERROR((I120*(K120/8))/(39.3*J120),0) -> 6130.4071 | M120: =G120 - H120 -> 6500 | N120: =MAX(0, G120-H120-L120) -> 369.59288 | O120: =(D120*N120)/1000 -> 61.72201
A121: 09/102 | B121: SILVER PAPER | C121: 80 | D121: 280 | E121: 2290 | F121: 2664 | G121: =IFERROR(SUMIF(Issues!B:B, A121, Issues!H:H), 0) -> 3000 | H121: =IFERROR(SUMIF(Returns!B:B, A121, Returns!H:H), 0) -> 200 | I121: 10990 | J121: 1 | K121: 72 | L121: =IFERROR((I121*(K121/8))/(39.3*J121),0) -> 2516.7939 | M121: =G121 - H121 -> 2800 | N121: =MAX(0, G121-H121-L121) -> 283.20611 | O121: =(D121*N121)/1000 -> 79.29771
A122: 09/103 | B122: PP WHITE | C122: 50 | D122: 125 | E122: 429 | F122: 635 | G122: =IFERROR(SUMIF(Issues!B:B, A122, Issues!H:H), 0) -> 2010 | H122: =IFERROR(SUMIF(Returns!B:B, A122, Returns!H:H), 0) -> 1350 | I122: 5770 | J122: 4 | K122: 108 | L122: =IFERROR((I122*(K122/8))/(39.3*J122),0) -> 495.51527 | M122: =G122 - H122 -> 660 | N122: =MAX(0, G122-H122-L122) -> 164.48473 | O122: =(D122*N122)/1000 -> 20.560592
A123: 09/118 | B123: Chromo | C123: 80 | D123: 125 | E123: 860 | F123: 1142 | G123: =IFERROR(SUMIF(Issues!B:B, A123, Issues!H:H), 0) -> 2300 | H123: =IFERROR(SUMIF(Returns!B:B, A123, Returns!H:H), 0) -> 1150 | I123: 5870 | J123: 2 | K123: 108 | L123: =IFERROR((I123*(K123/8))/(39.3*J123),0) -> 1008.2061 | M123: =G123 - H123 -> 1150 | N123: =MAX(0, G123-H123-L123) -> 141.79389 | O123: =(D123*N123)/1000 -> 17.724237
A124: 09/083 | B124: Chromo | C124: 80 | D124: 250 | E124: 377 | F124: 600 | G124: =IFERROR(SUMIF(Issues!B:B, A124, Issues!H:H), 0) -> 2000 | H124: =IFERROR(SUMIF(Returns!B:B, A124, Returns!H:H), 0) -> 1400 | I124: 16770 | J124: 8 | K124: 94 | L124: =IFERROR((I124*(K124/8))/(39.3*J124),0) -> 626.74141 | M124: =G124 - H124 -> 600 | N124: =MAX(0, G124-H124-L124) -> 0 | O124: =(D124*N124)/1000 -> 0
A125: 09/058 | B125: Chromo | C125: 80 | D125: 230 | E125: 430 | F125: 710 | G125: =IFERROR(SUMIF(Issues!B:B, A125, Issues!H:H), 0) -> 1350 | H125: =IFERROR(SUMIF(Returns!B:B, A125, Returns!H:H), 0) -> 200 | I125: 6240 | J125: 4 | K125: 108 | L125: =IFERROR((I125*(K125/8))/(39.3*J125),0) -> 535.87786 | M125: =G125 - H125 -> 1150 | N125: =MAX(0, G125-H125-L125) -> 614.12214 | O125: =(D125*N125)/1000 -> 141.24809
A126: 09/072 | B126: Chromo | C126: 80 | D126: 160 | E126: 354 | F126: 600 | G126: =IFERROR(SUMIF(Issues!B:B, A126, Issues!H:H), 0) -> 1700 | H126: =IFERROR(SUMIF(Returns!B:B, A126, Returns!H:H), 0) -> 1100 | I126: 6280 | J126: 4 | K126: 89 | L126: =IFERROR((I126*(K126/8))/(39.3*J126),0) -> 444.43384 | M126: =G126 - H126 -> 600 | N126: =MAX(0, G126-H126-L126) -> 155.56616 | O126: =(D126*N126)/1000 -> 24.890585
A127: 09/100 | B127: SILVER PAPER | C127: 80 | D127: 280 | E127: 525 | F127: 800 | G127: =IFERROR(SUMIF(Issues!B:B, A127, Issues!H:H), 0) -> 920 | H127: =IFERROR(SUMIF(Returns!B:B, A127, Returns!H:H), 0) -> 100 | I127: 4970 | J127: 2 | K127: 66 | L127: =IFERROR((I127*(K127/8))/(39.3*J127),0) -> 521.66031 | M127: =G127 - H127 -> 820 | N127: =MAX(0, G127-H127-L127) -> 298.33969 | O127: =(D127*N127)/1000 -> 83.535115
A128: 09/119 | B128: Chromo | C128: 80 | D128: 160 | E128: 5666 | F128: 6052 | G128: =IFERROR(SUMIF(Issues!B:B, A128, Issues!H:H), 0) -> 6200 | H128: =IFERROR(SUMIF(Returns!B:B, A128, Returns!H:H), 0) -> 140 | I128: 20805 | J128: 1 | K128: 89 | L128: =IFERROR((I128*(K128/8))/(39.3*J128),0) -> 5889.4561 | M128: =G128 - H128 -> 6060 | N128: =MAX(0, G128-H128-L128) -> 170.54389 | O128: =(D128*N128)/1000 -> 27.287023
... A137: 09/123 | B137: Chromo | C137: 80 | D137: 140 | E137: 236 | F137: 393 | G137: =IFERROR(SUMIF(Issues!B:B, A137, Issues!H:H), 0) -> 950 | H137: =IFERROR(SUMIF(Returns!B:B, A137, Returns!H:H), 0) -> 550 | I137: 5930 | J137: 6 | K137: 89 | L137: =IFERROR((I137*(K137/8))/(39.3*J137),0) -> 279.77629 | M137: =G137 - H137 -> 400 | N137: =MAX(0, G137-H137-L137) -> 120.22371 | O137: =(D137*N137)/1000 -> 16.831319
A138: 09/133 | G138: =IFERROR(SUMIF(Issues!B:B, A138, Issues!H:H), 0) -> 1710 | H138: =IFERROR(SUMIF(Returns!B:B, A138, Returns!H:H), 0) -> 0 | I138: 52440 | J138: 12 | K138: 89 | L138: =IFERROR((I138*(K138/8))/(39.3*J138),0) -> 1237.0547 | M138: =G138 - H138 -> 1710 | N138: =MAX(0, G138-H138-L138) -> 472.94529 | O138: =(D138*N138)/1000 -> 0
A139: 09/135 | E139: 21 | F139: 173 | G139: =IFERROR(SUMIF(Issues!B:B, A139, Issues!H:H), 0) -> 173 | H139: =IFERROR(SUMIF(Returns!B:B, A139, Returns!H:H), 0) -> 0 | I139: 500 | L139: =IFERROR((I139*(K139/8))/(39.3*J139),0) -> 0 | M139: =G139 - H139 -> 173 | N139: =MAX(0, G139-H139-L139) -> 173 | O139: =(D139*N139)/1000 -> 0
A140: 09/132 | B140: Chromo | C140: 80 | D140: 125 | E140: 40 | F140: 171 | G140: =IFERROR(SUMIF(Issues!B:B, A140, Issues!H:H), 0) -> 1000 | H140: =IFERROR(SUMIF(Returns!B:B, A140, Returns!H:H), 0) -> 820 | I140: 270 | J140: 2 | K140: 108 | L140: =IFERROR((I140*(K140/8))/(39.3*J140),0) -> 46.374046 | M140: =G140 - H140 -> 180 | N140: =MAX(0, G140-H140-L140) -> 133.62595 | O140: =(D140*N140)/1000 -> 16.703244
A141: 09/121 | B141: PP WHITE | C141: 50 | D141: 190 | E141: 471 | F141: 469 | G141: =IFERROR(SUMIF(Issues!B:B, A141, Issues!H:H), 0) -> 700 | H141: =IFERROR(SUMIF(Returns!B:B, A141, Returns!H:H), 0) -> 230 | I141: 6740 | J141: 9 | K141: 89 | L141: =IFERROR((I141*(K141/8))/(39.3*J141),0) -> 211.99463 | M141: =G141 - H141 -> 470 | N141: =MAX(0, G141-H141-L141) -> 258.00537 | O141: =(D141*N141)/1000 -> 49.021021
A142: 09/124 | B142: PP WHITE | C142: 50 | D142: 300 | E142: 410 | F142: 650 | G142: =IFERROR(SUMIF(Issues!B:B, A142, Issues!H:H), 0) -> 650 | H142: =IFERROR(SUMIF(Returns!B:B, A142, Returns!H:H), 0) -> 0 | I142: 10000 | J142: 6 | K142: 69 | L142: =IFERROR((I142*(K142/8))/(39.3*J142),0) -> 365.77608 | M142: =G142 - H142 -> 650 | N142: =MAX(0, G142-H142-L142) -> 284.22392 | O142: =(D142*N142)/1000 -> 85.267176
A143: 09/126 | B143: Chromo | C143: 80 | D143: 126 | E143: 122 | F143: 280 | G143: =IFERROR(SUMIF(Issues!B:B, A143, Issues!H:H), 0) -> 500 | H143: =IFERROR(SUMIF(Returns!B:B, A143, Returns!H:H), 0) -> 200 | I143: 2790 | J143: 6 | K143: 92 | L143: =IFERROR((I143*(K143/8))/(39.3*J143),0) -> 136.0687 | M143: =G143 - H143 -> 300 | N143: =MAX(0, G143-H143-L143) -> 163.9313 | O143: =(D143*N143)/1000 -> 20.655344
A144: 09/141 | B144: Chromo | C144: 80 | D144: 290 | E144: 448 | F144: 612 | G144: =IFERROR(SUMIF(Issues!B:B, A144, Issues!H:H), 0) -> 2000 | H144: =IFERROR(SUMIF(Returns!B:B, A144, Returns!H:H), 0) -> 1350 | I144: 3320 | J144: 2 | K144: 94 | L144: =IFERROR((I144*(K144/8))/(39.3*J144),0) -> 496.31043 | M144: =G144 - H144 -> 650 | N144: =MAX(0, G144-H144-L144) -> 153.68957 | O144: =(D144*N144)/1000 -> 44.569975
A145: 09/143 | B145: Chromo | C145: 80 | D145: 210 | E145: 187 | F145: 340 | G145: =IFERROR(SUMIF(Issues!B:B, A145, Issues!H:H), 0) -> 2000 | H145: =IFERROR(SUMIF(Returns!B:B, A145, Returns!H:H), 0) -> 1650 | I145: 6160 | J145: 8 | K145: 94 | L145: =IFERROR((I145*(K145/8))/(39.3*J145),0) -> 230.21628 | M145: =G145 - H145 -> 350 | N145: =MAX(0, G145-H145-L145) -> 119.78372 | O145: =(D145*N145)/1000 -> 25.15458
A146: 09/144 | B146: Chromo | C146: 80 | D146: 290 | E146: 2152 | F146: 2430 | G146: =IFERROR(SUMIF(Issues!B:B, A146, Issues!H:H), 0) -> 2600 | H146: =IFERROR(SUMIF(Returns!B:B, A146, Returns!H:H), 0) -> 170 | I146: 36240 | J146: 6 | K146: 116 | L146: =IFERROR((I146*(K146/8))/(39.3*J146),0) -> 2228.4987 | M146: =G146 - H146 -> 2430 | N146: =MAX(0, G146-H146-L146) -> 201.50127 | O146: =(D146*N146)/1000 -> 58.435369
A147: 09/145 | B147: Chromo | C147: 80 | D147: 320 | E147: 795 | F147: 972 | G147: =IFERROR(SUMIF(Issues!B:B, A147, Issues!H:H), 0) -> 1050 | H147: =IFERROR(SUMIF(Returns!B:B, A147, Returns!H:H), 0) -> 0 | I147: 11030 | J147: 3 | K147: 75 | L147: =IFERROR((I147*(K147/8))/(39.3*J147),0) -> 877.06743 | M147: =G147 - H147 -> 1050 | N147: =MAX(0, G147-H147-L147) -> 172.93257 | O147: =(D147*N147)/1000 -> 55.338422
A148: 09/146 | B148: Chromo | C148: 80 | D148: 290 | E148: 369 | F148: 509 | G148: =IFERROR(SUMIF(Issues!B:B, A148, Issues!H:H), 0) -> 1450 | H148: =IFERROR(SUMIF(Returns!B:B, A148, Returns!H:H), 0) -> 930 | I148: 6600 | J148: 6 | K148: 116 | L148: =IFERROR((I148*(K148/8))/(39.3*J148),0) -> 405.85242 | M148: =G148 - H148 -> 520 | N148: =MAX(0, G148-H148-L148) -> 114.14758 | O148: =(D148*N148)/1000 -> 33.102799
A149: 09/125 | B149: Chromo | C149: 80 | D149: 185 | E149: 110 | F149: 255 | G149: =IFERROR(SUMIF(Issues!B:B, A149, Issues!H:H), 0) -> 1100 | H149: =IFERROR(SUMIF(Returns!B:B, A149, Returns!H:H), 0) -> 840 | I149: 2850 | J149: 5 | K149: 69 | L149: =IFERROR((I149*(K149/8))/(39.3*J149),0) -> 125.09542 | M149: =G149 - H149 -> 260 | N149: =MAX(0, G149-H149-L149) -> 134.90458 | O149: =(D149*N149)/1000 -> 24.957347
A150: 09/129 | B150: Chromo | C150: 80 | D150: 126 | E150: 549 | F150: 900 | G150: =IFERROR(SUMIF(Issues!B:B, A150, Issues!H:H), 0) -> 1300 | H150: =IFERROR(SUMIF(Returns!B:B, A150, Returns!H:H), 0) -> 400 | I150: 3000 | J150: 1 | K150: 69 | L150: =IFERROR((I150*(K150/8))/(39.3*J150),0) -> 658.39695 | M150: =G150 - H150 -> 900 | N150: =MAX(0, G150-H150-L150) -> 241.60305 | O150: =(D150*N150)/1000 -> 30.441985
A151: 09/130 | B151: Chromo | C151: 80 | D151: 210 | E151: 169 | F151: 351 | G151: =IFERROR(SUMIF(Issues!B:B, A151, Issues!H:H), 0) -> 1500 | H151: =IFERROR(SUMIF(Returns!B:B, A151, Returns!H:H), 0) -> 1140 | I151: 2630 | J151: 4 | K151: 85 | L151: =IFERROR((I151*(K151/8))/(39.3*J151),0) -> 177.75922 | M151: =G151 - H151 -> 360 | N151: =MAX(0, G151-H151-L151) -> 182.24078 | O151: =(D151*N151)/1000 -> 38.270563
...

Sheet Balance Stock
A1: =IFERROR(__xludf.DUMMYFUNCTION("UNIQUE(FILTER('Stock In'!C:E, 'Stock In'!C:C<>""""))"),"Material") -> Material | B1: =IFERROR(__xludf.DUMMYFUNCTION("""COMPUTED_VALUE"""),"GSM/Micron") -> GSM/Micron | C1: =IFERROR(__xludf.DUMMYFUNCTION("""COMPUTED_VALUE"""),"Web Size (mm)") -> Web Size (mm) | D1: RMT In | E1: RMT Issued | F1: RMT Returned | G1: RMT On‑Hand | H1: Sq. Mtr On‑Hand | I1: Avg Rate | J1: Stock Value
A2: =IFERROR(__xludf.DUMMYFUNCTION("""COMPUTED_VALUE"""),"Chromo") -> Chromo | B2: =IFERROR(__xludf.DUMMYFUNCTION("""COMPUTED_VALUE"""),80.0) -> 80 | C2: =IFERROR(__xludf.DUMMYFUNCTION("""COMPUTED_VALUE"""),125.0) -> 125 | D2: =IFERROR(SUMIFS('Stock In'!F:F,'Stock In'!C:C,$A2,'Stock In'!D:D,$B2,'Stock In'!E:E,$C2),0) -> 169693 | E2: =IFERROR(SUMIFS(Issues!H:H,Issues!C:C,$A2,Issues!D:D,$B2,Issues!E:E,$C2),0) -> 202047 | F2: =IFERROR(SUMIFS(Returns!H:H,Returns!C:C,$A2,Returns!D:D,$B2,Returns!E:E,$C2),0) -> 73474 | G2: =D2-E2+F2 -> 41120 | H2: =($C2*G2)/1000 -> 5140 | I2: =IFERROR( SUMIFS('Stock In'!I:I,'Stock In'!C:C,$A2,'Stock In'!D:D,$B2,'Stock In'!E:E,$C2) / SUMIFS('Stock In'!H:H,'Stock In'!C:C,$A2,'Stock In'!D:D,$B2,'Stock In'!E:E,$C2) , 0) -> 29.208838 | J2: =H2*I2 -> 150133.43
A3: =IFERROR(__xludf.DUMMYFUNCTION("""COMPUTED_VALUE"""),"Chromo") -> Chromo | B3: =IFERROR(__xludf.DUMMYFUNCTION("""COMPUTED_VALUE"""),80.0) -> 80 | C3: =IFERROR(__xludf.DUMMYFUNCTION("""COMPUTED_VALUE"""),140.0) -> 140 | D3: =IFERROR(SUMIFS('Stock In'!F:F,'Stock In'!C:C,$A3,'Stock In'!D:D,$B3,'Stock In'!E:E,$C3),0) -> 192340 | E3: =IFERROR(SUMIFS(Issues!H:H,Issues!C:C,$A3,Issues!D:D,$B3,Issues!E:E,$C3),0) -> 182781 | F3: =IFERROR(SUMIFS(Returns!H:H,Returns!C:C,$A3,Returns!D:D,$B3,Returns!E:E,$C3),0) -> 57350 | G3: =D3-E3+F3 -> 66909 | H3: =($C3*G3)/1000 -> 9367.26 | I3: =IFERROR( SUMIFS('Stock In'!I:I,'Stock In'!C:C,$A3,'Stock In'!D:D,$B3,'Stock In'!E:E,$C3) / SUMIFS('Stock In'!H:H,'Stock In'!C:C,$A3,'Stock In'!D:D,$B3,'Stock In'!E:E,$C3) , 0) -> 26.977176 | J3: =H3*I3 -> 252702.22
A4: =IFERROR(__xludf.DUMMYFUNCTION("""COMPUTED_VALUE"""),"Chromo") -> Chromo | B4: =IFERROR(__xludf.DUMMYFUNCTION("""COMPUTED_VALUE"""),80.0) -> 80 | C4: =IFERROR(__xludf.DUMMYFUNCTION("""COMPUTED_VALUE"""),150.0) -> 150 | D4: =IFERROR(SUMIFS('Stock In'!F:F,'Stock In'!C:C,$A4,'Stock In'!D:D,$B4,'Stock In'!E:E,$C4),0) -> 80040 | E4: =IFERROR(SUMIFS(Issues!H:H,Issues!C:C,$A4,Issues!D:D,$B4,Issues!E:E,$C4),0) -> 54310 | F4: =IFERROR(SUMIFS(Returns!H:H,Returns!C:C,$A4,Returns!D:D,$B4,Returns!E:E,$C4),0) -> 15150 | G4: =D4-E4+F4 -> 40880 | H4: =($C4*G4)/1000 -> 6132 | I4: =IFERROR( SUMIFS('Stock In'!I:I,'Stock In'!C:C,$A4,'Stock In'!D:D,$B4,'Stock In'!E:E,$C4) / SUMIFS('Stock In'!H:H,'Stock In'!C:C,$A4,'Stock In'!D:D,$B4,'Stock In'!E:E,$C4) , 0) -> 29.874453 | J4: =H4*I4 -> 183190.14
A5: =IFERROR(__xludf.DUMMYFUNCTION("""COMPUTED_VALUE"""),"Chromo") -> Chromo | B5: =IFERROR(__xludf.DUMMYFUNCTION("""COMPUTED_VALUE"""),80.0) -> 80 | C5: =IFERROR(__xludf.DUMMYFUNCTION("""COMPUTED_VALUE"""),160.0) -> 160 | D5: =IFERROR(SUMIFS('Stock In'!F:F,'Stock In'!C:C,$A5,'Stock In'!D:D,$B5,'Stock In'!E:E,$C5),0) -> 283870 | E5: =IFERROR(SUMIFS(Issues!H:H,Issues!C:C,$A5,Issues!D:D,$B5,Issues!E:E,$C5),0) -> 233235 | F5: =IFERROR(SUMIFS(Returns!H:H,Returns!C:C,$A5,Returns!D:D,$B5,Returns!E:E,$C5),0) -> 48822 | G5: =D5-E5+F5 -> 99457 | H5: =($C5*G5)/1000 -> 15913.12 | I5: =IFERROR( SUMIFS('Stock In'!I:I,'Stock In'!C:C,$A5,'Stock In'!D:D,$B5,'Stock In'!E:E,$C5) / SUMIFS('Stock In'!H:H,'Stock In'!C:C,$A5,'Stock In'!D:D,$B5,'Stock In'!E:E,$C5) , 0) -> 27.344801 | J5: =H5*I5 -> 435141.1
A6: =IFERROR(__xludf.DUMMYFUNCTION("""COMPUTED_VALUE"""),"Chromo") -> Chromo | B6: =IFERROR(__xludf.DUMMYFUNCTION("""COMPUTED_VALUE"""),80.0) -> 80 | C6: =IFERROR(__xludf.DUMMYFUNCTION("""COMPUTED_VALUE"""),170.0) -> 170 | D6: =IFERROR(SUMIFS('Stock In'!F:F,'Stock In'!C:C,$A6,'Stock In'!D:D,$B6,'Stock In'!E:E,$C6),0) -> 75820 | E6: =IFERROR(SUMIFS(Issues!H:H,Issues!C:C,$A6,Issues!D:D,$B6,Issues!E:E,$C6),0) -> 46330 | F6: =IFERROR(SUMIFS(Returns!H:H,Returns!C:C,$A6,Returns!D:D,$B6,Returns!E:E,$C6),0) -> 20380 | G6: =D6-E6+F6 -> 49870 | H6: =($C6*G6)/1000 -> 8477.9 | I6: =IFERROR( SUMIFS('Stock In'!I:I,'Stock In'!C:C,$A6,'Stock In'!D:D,$B6,'Stock In'!E:E,$C6) / SUMIFS('Stock In'!H:H,'Stock In'!C:C,$A6,'Stock In'!D:D,$B6,'Stock In'!E:E,$C6) , 0) -> 30.678082 | J6: =H6*I6 -> 260085.71
A7: =IFERROR(__xludf.DUMMYFUNCTION("""COMPUTED_VALUE"""),"Chromo") -> Chromo | B7: =IFERROR(__xludf.DUMMYFUNCTION("""COMPUTED_VALUE"""),60.0) -> 60 | C7: =IFERROR(__xludf.DUMMYFUNCTION("""COMPUTED_VALUE"""),170.0) -> 170 | D7: =IFERROR(SUMIFS('Stock In'!F:F,'Stock In'!C:C,$A7,'Stock In'!D:D,$B7,'Stock In'!E:E,$C7),0) -> 2200 | E7: =IFERROR(SUMIFS(Issues!H:H,Issues!C:C,$A7,Issues!D:D,$B7,Issues!E:E,$C7),0) -> 0 | F7: =IFERROR(SUMIFS(Returns!H:H,Returns!C:C,$A7,Returns!D:D,$B7,Returns!E:E,$C7),0) -> 0 | G7: =D7-E7+F7 -> 2200 | H7: =($C7*G7)/1000 -> 374 | I7: =IFERROR( SUMIFS('Stock In'!I:I,'Stock In'!C:C,$A7,'Stock In'!D:D,$B7,'Stock In'!E:E,$C7) / SUMIFS('Stock In'!H:H,'Stock In'!C:C,$A7,'Stock In'!D:D,$B7,'Stock In'!E:E,$C7) , 0) -> 29 | J7: =H7*I7 -> 10846
A8: =IFERROR(__xludf.DUMMYFUNCTION("""COMPUTED_VALUE"""),"Chromo") -> Chromo | B8: =IFERROR(__xludf.DUMMYFUNCTION("""COMPUTED_VALUE"""),80.0) -> 80 | C8: =IFERROR(__xludf.DUMMYFUNCTION("""COMPUTED_VALUE"""),180.0) -> 180 | D8: =IFERROR(SUMIFS('Stock In'!F:F,'Stock In'!C:C,$A8,'Stock In'!D:D,$B8,'Stock In'!E:E,$C8),0) -> 140675 | E8: =IFERROR(SUMIFS(Issues!H:H,Issues!C:C,$A8,Issues!D:D,$B8,Issues!E:E,$C8),0) -> 97939 | F8: =IFERROR(SUMIFS(Returns!H:H,Returns!C:C,$A8,Returns!D:D,$B8,Returns!E:E,$C8),0) -> 33148 | G8: =D8-E8+F8 -> 75884 | H8: =($C8*G8)/1000 -> 13659.12 | I8: =IFERROR( SUMIFS('Stock In'!I:I,'Stock In'!C:C,$A8,'Stock In'!D:D,$B8,'Stock In'!E:E,$C8) / SUMIFS('Stock In'!H:H,'Stock In'!C:C,$A8,'Stock In'!D:D,$B8,'Stock In'!E:E,$C8) , 0) -> 29.987459 | J8: =H8*I8 -> 409602.3
A9: =IFERROR(__xludf.DUMMYFUNCTION("""COMPUTED_VALUE"""),"Chromo") -> Chromo | B9: =IFERROR(__xludf.DUMMYFUNCTION("""COMPUTED_VALUE"""),80.0) -> 80 | C9: =IFERROR(__xludf.DUMMYFUNCTION("""COMPUTED_VALUE"""),190.0) -> 190 | D9: =IFERROR(SUMIFS('Stock In'!F:F,'Stock In'!C:C,$A9,'Stock In'!D:D,$B9,'Stock In'!E:E,$C9),0) -> 33500 | E9: =IFERROR(SUMIFS(Issues!H:H,Issues!C:C,$A9,Issues!D:D,$B9,Issues!E:E,$C9),0) -> 5550 | F9: =IFERROR(SUMIFS(Returns!H:H,Returns!C:C,$A9,Returns!D:D,$B9,Returns!E:E,$C9),0) -> 2490 | G9: =D9-E9+F9 -> 30440 | H9: =($C9*G9)/1000 -> 5783.6 | I9: =IFERROR( SUMIFS('Stock In'!I:I,'Stock In'!C:C,$A9,'Stock In'!D:D,$B9,'Stock In'!E:E,$C9) / SUMIFS('Stock In'!H:H,'Stock In'!C:C,$A9,'Stock In'!D:D,$B9,'Stock In'!E:E,$C9) , 0) -> 41.384687 | J9: =H9*I9 -> 239352.47
A10: =IFERROR(__xludf.DUMMYFUNCTION("""COMPUTED_VALUE"""),"Chromo") -> Chromo | B10: =IFERROR(__xludf.DUMMYFUNCTION("""COMPUTED_VALUE"""),80.0) -> 80 | C10: =IFERROR(__xludf.DUMMYFUNCTION("""COMPUTED_VALUE"""),210.0) -> 210 | D10: =IFERROR(SUMIFS('Stock In'!F:F,'Stock In'!C:C,$A10,'Stock In'!D:D,$B10,'Stock In'!E:E,$C10),0) -> 140235 | E10: =IFERROR(SUMIFS(Issues!H:H,Issues!C:C,$A10,Issues!D:D,$B10,Issues!E:E,$C10),0) -> 120665 | F10: =IFERROR(SUMIFS(Returns!H:H,Returns!C:C,$A10,Returns!D:D,$B10,Returns!E:E,$C10),0) -> 44414 | G10: =D10-E10+F10 -> 63984 | H10: =($C10*G10)/1000 -> 13436.64 | I10: =IFERROR( SUMIFS('Stock In'!I:I,'Stock In'!C:C,$A10,'Stock In'!D:D,$B10,'Stock In'!E:E,$C10) / SUMIFS('Stock In'!H:H,'Stock In'!C:C,$A10,'Stock In'!D:D,$B10,'Stock In'!E:E,$C10) , 0) -> 29.572987 | J10: =H10*I10 -> 397361.59
A11: =IFERROR(__xludf.DUMMYFUNCTION("""COMPUTED_VALUE"""),"Chromo") -> Chromo | B11: =IFERROR(__xludf.DUMMYFUNCTION("""COMPUTED_VALUE"""),80.0) -> 80 | C11: =IFERROR(__xludf.DUMMYFUNCTION("""COMPUTED_VALUE"""),250.0) -> 250 | D11: =IFERROR(SUMIFS('Stock In'!F:F,'Stock In'!C:C,$A11,'Stock In'!D:D,$B11,'Stock In'!E:E,$C11),0) -> 190997 | E11: =IFERROR(SUMIFS(Issues!H:H,Issues!C:C,$A11,Issues!D:D,$B11,Issues!E:E,$C11),0) -> 172620 | F11: =IFERROR(SUMIFS(Returns!H:H,Returns!C:C,$A11,Returns!D:D,$B11,Returns!E:E,$C11),0) -> 27670 | G11: =D11-E11+F11 -> 46047 | H11: =($C11*G11)/1000 -> 11511.75 | I11: =IFERROR( SUMIFS('Stock In'!I:I,'Stock In'!C:C,$A11,'Stock In'!D:D,$B11,'Stock In'!E:E,$C11) / SUMIFS('Stock In'!H:H,'Stock In'!C:C,$A11,'Stock In'!D:D,$B11,'Stock In'!E:E,$C11) , 0) -> 50.973769 | J11: =H11*I11 -> 586797.28
A12: =IFERROR(__xludf.DUMMYFUNCTION("""COMPUTED_VALUE"""),"Chromo") -> Chromo | B12: =IFERROR(__xludf.DUMMYFUNCTION("""COMPUTED_VALUE"""),80.0) -> 80 | C12: =IFERROR(__xludf.DUMMYFUNCTION("""COMPUTED_VALUE"""),280.0) -> 280 | D12: =IFERROR(SUMIFS('Stock In'!F:F,'Stock In'!C:C,$A12,'Stock In'!D:D,$B12,'Stock In'!E:E,$C12),0) -> 53025 | E12: =IFERROR(SUMIFS(Issues!H:H,Issues!C:C,$A12,Issues!D:D,$B12,Issues!E:E,$C12),0) -> 57625 | F12: =IFERROR(SUMIFS(Returns!H:H,Returns!C:C,$A12,Returns!D:D,$B12,Returns!E:E,$C12),0) -> 13780 | G12: =D12-E12+F12 -> 9180 | H12: =($C12*G12)/1000 -> 2570.4 | I12: =IFERROR( SUMIFS('Stock In'!I:I,'Stock In'!C:C,$A12,'Stock In'!D:D,$B12,'Stock In'!E:E,$C12) / SUMIFS('Stock In'!H:H,'Stock In'!C:C,$A12,'Stock In'!D:D,$B12,'Stock In'!E:E,$C12) , 0) -> 29.072353 | J12: =H12*I12 -> 74727.575
A13: =IFERROR(__xludf.DUMMYFUNCTION("""COMPUTED_VALUE"""),"Chromo") -> Chromo | B13: =IFERROR(__xludf.DUMMYFUNCTION("""COMPUTED_VALUE"""),80.0) -> 80 | C13: =IFERROR(__xludf.DUMMYFUNCTION("""COMPUTED_VALUE"""),290.0) -> 290 | D13: =IFERROR(SUMIFS('Stock In'!F:F,'Stock In'!C:C,$A13,'Stock In'!D:D,$B13,'Stock In'!E:E,$C13),0) -> 363040 | E13: =IFERROR(SUMIFS(Issues!H:H,Issues!C:C,$A13,Issues!D:D,$B13,Issues!E:E,$C13),0) -> 310420 | F13: =IFERROR(SUMIFS(Returns!H:H,Returns!C:C,$A13,Returns!D:D,$B13,Returns!E:E,$C13),0) -> 54180 | G13: =D13-E13+F13 -> 106800 | H13: =($C13*G13)/1000 -> 30972 | I13: =IFERROR( SUMIFS('Stock In'!I:I,'Stock In'!C:C,$A13,'Stock In'!D:D,$B13,'Stock In'!E:E,$C13) / SUMIFS('Stock In'!H:H,'Stock In'!C:C,$A13,'Stock In'!D:D,$B13,'Stock In'!E:E,$C13) , 0) -> 29.519821 | J13: =H13*I13 -> 914287.9
A14: =IFERROR(__xludf.DUMMYFUNCTION("""COMPUTED_VALUE"""),"C-MIRRORCOAT") -> C-MIRRORCOAT | B14: =IFERROR(__xludf.DUMMYFUNCTION("""COMPUTED_VALUE"""),80.0) -> 80 | C14: =IFERROR(__xludf.DUMMYFUNCTION("""COMPUTED_VALUE"""),290.0) -> 290 | D14: =IFERROR(SUMIFS('Stock In'!F:F,'Stock In'!C:C,$A14,'Stock In'!D:D,$B14,'Stock In'!E:E,$C14),0) -> 4920 | E14: =IFERROR(SUMIFS(Issues!H:H,Issues!C:C,$A14,Issues!D:D,$B14,Issues!E:E,$C14),0) -> 0 | F14: =IFERROR(SUMIFS(Returns!H:H,Returns!C:C,$A14,Returns!D:D,$B14,Returns!E:E,$C14),0) -> 0 | G14: =D14-E14+F14 -> 4920 | H14: =($C14*G14)/1000 -> 1426.8 | I14: =IFERROR( SUMIFS('Stock In'!I:I,'Stock In'!C:C,$A14,'Stock In'!D:D,$B14,'Stock In'!E:E,$C14) / SUMIFS('Stock In'!H:H,'Stock In'!C:C,$A14,'Stock In'!D:D,$B14,'Stock In'!E:E,$C14) , 0) -> 46.780813 | J14: =H14*I14 -> 66746.864
A15: =IFERROR(__xludf.DUMMYFUNCTION("""COMPUTED_VALUE"""),"C-MIRRORCOAT") -> C-MIRRORCOAT | B15: =IFERROR(__xludf.DUMMYFUNCTION("""COMPUTED_VALUE"""),80.0) -> 80 | C15: =IFERROR(__xludf.DUMMYFUNCTION("""COMPUTED_VALUE"""),300.0) -> 300 | D15: =IFERROR(SUMIFS('Stock In'!F:F,'Stock In'!C:C,$A15,'Stock In'!D:D,$B15,'Stock In'!E:E,$C15),0) -> 2000 | E15: =IFERROR(SUMIFS(Issues!H:H,Issues!C:C,$A15,Issues!D:D,$B15,Issues!E:E,$C15),0) -> 0 | F15: =IFERROR(SUMIFS(Returns!H:H,Returns!C:C,$A15,Returns!D:D,$B15,Returns!E:E,$C15),0) -> 0 | G15: =D15-E15+F15 -> 2000 | H15: =($C15*G15)/1000 -> 600 | I15: =IFERROR( SUMIFS('Stock In'!I:I,'Stock In'!C:C,$A15,'Stock In'!D:D,$B15,'Stock In'!E:E,$C15) / SUMIFS('Stock In'!H:H,'Stock In'!C:C,$A15,'Stock In'!D:D,$B15,'Stock In'!E:E,$C15) , 0) -> 46 | J15: =H15*I15 -> 27600
A16: =IFERROR(__xludf.DUMMYFUNCTION("""COMPUTED_VALUE"""),"Chromo") -> Chromo | B16: =IFERROR(__xludf.DUMMYFUNCTION("""COMPUTED_VALUE"""),80.0) -> 80 | C16: =IFERROR(__xludf.DUMMYFUNCTION("""COMPUTED_VALUE"""),300.0) -> 300 | D16: =IFERROR(SUMIFS('Stock In'!F:F,'Stock In'!C:C,$A16,'Stock In'!D:D,$B16,'Stock In'!E:E,$C16),0) -> 54665 | E16: =IFERROR(SUMIFS(Issues!H:H,Issues!C:C,$A16,Issues!D:D,$B16,Issues!E:E,$C16),0) -> 51250 | F16: =IFERROR(SUMIFS(Returns!H:H,Returns!C:C,$A16,Returns!D:D,$B16,Returns!E:E,$C16),0) -> 8450 | G16: =D16-E16+F16 -> 11865 | H16: =($C16*G16)/1000 -> 3559.5 | I16: =IFERROR( SUMIFS('Stock In'!I:I,'Stock In'!C:C,$A16,'Stock In'!D:D,$B16,'Stock In'!E:E,$C16) / SUMIFS('Stock In'!H:H,'Stock In'!C:C,$A16,'Stock In'!D:D,$B16,'Stock In'!E:E,$C16) , 0) -> 29.345565 | J16: =H16*I16 -> 104455.54
A17: =IFERROR(__xludf.DUMMYFUNCTION("""COMPUTED_VALUE"""),"Chromo") -> Chromo | B17: =IFERROR(__xludf.DUMMYFUNCTION("""COMPUTED_VALUE"""),80.0) -> 80 | C17: =IFERROR(__xludf.DUMMYFUNCTION("""COMPUTED_VALUE"""),320.0) -> 320 | D17: =IFERROR(SUMIFS('Stock In'!F:F,'Stock In'!C:C,$A17,'Stock In'!D:D,$B17,'Stock In'!E:E,$C17),0) -> 46465 | E17: =IFERROR(SUMIFS(Issues!H:H,Issues!C:C,$A17,Issues!D:D,$B17,Issues!E:E,$C17),0) -> 41450 | F17: =IFERROR(SUMIFS(Returns!H:H,Returns!C:C,$A17,Returns!D:D,$B17,Returns!E:E,$C17),0) -> 16756 | G17: =D17-E17+F17 -> 21771 | H17: =($C17*G17)/1000 -> 6966.72 | I17: =IFERROR( SUMIFS('Stock In'!I:I,'Stock In'!C:C,$A17,'Stock In'!D:D,$B17,'Stock In'!E:E,$C17) / SUMIFS('Stock In'!H:H,'Stock In'!C:C,$A17,'Stock In'!D:D,$B17,'Stock In'!E:E,$C17) , 0) -> 29.469321 | J17: =H17*I17 -> 205304.51
A18: =IFERROR(__xludf.DUMMYFUNCTION("""COMPUTED_VALUE"""),"Chromo") -> Chromo | B18: =IFERROR(__xludf.DUMMYFUNCTION("""COMPUTED_VALUE"""),80.0) -> 80 | C18: =IFERROR(__xludf.DUMMYFUNCTION("""COMPUTED_VALUE"""),330.0) -> 330 | D18: =IFERROR(SUMIFS('Stock In'!F:F,'Stock In'!C:C,$A18,'Stock In'!D:D,$B18,'Stock In'!E:E,$C18),0) -> 87760 | E18: =IFERROR(SUMIFS(Issues!H:H,Issues!C:C,$A18,Issues!D:D,$B18,Issues!E:E,$C18),0) -> 82016 | F18: =IFERROR(SUMIFS(Returns!H:H,Returns!C:C,$A18,Returns!D:D,$B18,Returns!E:E,$C18),0) -> 24010 | G18: =D18-E18+F18 -> 29754 | H18: =($C18*G18)/1000 -> 9818.82 | I18: =IFERROR( SUMIFS('Stock In'!I:I,'Stock In'!C:C,$A18,'Stock In'!D:D,$B18,'Stock In'!E:E,$C18) / SUMIFS('Stock In'!H:H,'Stock In'!C:C,$A18,'Stock In'!D:D,$B18,'Stock In'!E:E,$C18) , 0) -> 29.723114 | J18: =H18*I18 -> 291845.91
A19: =IFERROR(__xludf.DUMMYFUNCTION("""COMPUTED_VALUE"""),"C-MIRRORCOAT") -> C-MIRRORCOAT | B19: =IFERROR(__xludf.DUMMYFUNCTION("""COMPUTED_VALUE"""),80.0) -> 80 | C19: =IFERROR(__xludf.DUMMYFUNCTION("""COMPUTED_VALUE"""),330.0) -> 330 | D19: =IFERROR(SUMIFS('Stock In'!F:F,'Stock In'!C:C,$A19,'Stock In'!D:D,$B19,'Stock In'!E:E,$C19),0) -> 2000 | E19: =IFERROR(SUMIFS(Issues!H:H,Issues!C:C,$A19,Issues!D:D,$B19,Issues!E:E,$C19),0) -> 0 | F19: =IFERROR(SUMIFS(Returns!H:H,Returns!C:C,$A19,Returns!D:D,$B19,Returns!E:E,$C19),0) -> 0 | G19: =D19-E19+F19 -> 2000 | H19: =($C19*G19)/1000 -> 660 | I19: =IFERROR( SUMIFS('Stock In'!I:I,'Stock In'!C:C,$A19,'Stock In'!D:D,$B19,'Stock In'!E:E,$C19) / SUMIFS('Stock In'!H:H,'Stock In'!C:C,$A19,'Stock In'!D:D,$B19,'Stock In'!E:E,$C19) , 0) -> 46 | J19: =H19*I19 -> 30360
A20: =IFERROR(__xludf.DUMMYFUNCTION("""COMPUTED_VALUE"""),"P G BACK") -> P G BACK | B20: =IFERROR(__xludf.DUMMYFUNCTION("""COMPUTED_VALUE"""),150.0) -> 150 | C20: =IFERROR(__xludf.DUMMYFUNCTION("""COMPUTED_VALUE"""),90.0) -> 90 | D20: =IFERROR(SUMIFS('Stock In'!F:F,'Stock In'!C:C,$A20,'Stock In'!D:D,$B20,'Stock In'!E:E,$C20),0) -> 500 | E20: =IFERROR(SUMIFS(Issues!H:H,Issues!C:C,$A20,Issues!D:D,$B20,Issues!E:E,$C20),0) -> 0 | F20: =IFERROR(SUMIFS(Returns!H:H,Returns!C:C,$A20,Returns!D:D,$B20,Returns!E:E,$C20),0) -> 0 | G20: =D20-E20+F20 -> 500 | H20: =($C20*G20)/1000 -> 45 | I20: =IFERROR( SUMIFS('Stock In'!I:I,'Stock In'!C:C,$A20,'Stock In'!D:D,$B20,'Stock In'!E:E,$C20) / SUMIFS('Stock In'!H:H,'Stock In'!C:C,$A20,'Stock In'!D:D,$B20,'Stock In'!E:E,$C20) , 0) -> 53.5 | J20: =H20*I20 -> 2407.5
A21: =IFERROR(__xludf.DUMMYFUNCTION("""COMPUTED_VALUE"""),"PP CLEAR") -> PP CLEAR | B21: =IFERROR(__xludf.DUMMYFUNCTION("""COMPUTED_VALUE"""),50.0) -> 50 | C21: =IFERROR(__xludf.DUMMYFUNCTION("""COMPUTED_VALUE"""),200.0) -> 200 | D21: =IFERROR(SUMIFS('Stock In'!F:F,'Stock In'!C:C,$A21,'Stock In'!D:D,$B21,'Stock In'!E:E,$C21),0) -> 19580 | E21: =IFERROR(SUMIFS(Issues!H:H,Issues!C:C,$A21,Issues!D:D,$B21,Issues!E:E,$C21),0) -> 12400 | F21: =IFERROR(SUMIFS(Returns!H:H,Returns!C:C,$A21,Returns!D:D,$B21,Returns!E:E,$C21),0) -> 310 | G21: =D21-E21+F21 -> 7490 | H21: =($C21*G21)/1000 -> 1498 | I21: =IFERROR( SUMIFS('Stock In'!I:I,'Stock In'!C:C,$A21,'Stock In'!D:D,$B21,'Stock In'!E:E,$C21) / SUMIFS('Stock In'!H:H,'Stock In'!C:C,$A21,'Stock In'!D:D,$B21,'Stock In'!E:E,$C21) , 0) -> 37.991318 | J21: =H21*I21 -> 56910.994
A22: =IFERROR(__xludf.DUMMYFUNCTION("""COMPUTED_VALUE"""),"PP WHITE") -> PP WHITE | B22: =IFERROR(__xludf.DUMMYFUNCTION("""COMPUTED_VALUE"""),50.0) -> 50 | C22: =IFERROR(__xludf.DUMMYFUNCTION("""COMPUTED_VALUE"""),200.0) -> 200 | D22: =IFERROR(SUMIFS('Stock In'!F:F,'Stock In'!C:C,$A22,'Stock In'!D:D,$B22,'Stock In'!E:E,$C22),0) -> 6170 | E22: =IFERROR(SUMIFS(Issues!H:H,Issues!C:C,$A22,Issues!D:D,$B22,Issues!E:E,$C22),0) -> 1800 | F22: =IFERROR(SUMIFS(Returns!H:H,Returns!C:C,$A22,Returns!D:D,$B22,Returns!E:E,$C22),0) -> 0 | G22: =D22-E22+F22 -> 4370 | H22: =($C22*G22)/1000 -> 874 | I22: =IFERROR( SUMIFS('Stock In'!I:I,'Stock In'!C:C,$A22,'Stock In'!D:D,$B22,'Stock In'!E:E,$C22) / SUMIFS('Stock In'!H:H,'Stock In'!C:C,$A22,'Stock In'!D:D,$B22,'Stock In'!E:E,$C22) , 0) -> 36.275527 | J22: =H22*I22 -> 31704.81
A23: =IFERROR(__xludf.DUMMYFUNCTION("""COMPUTED_VALUE"""),"SILVER PAPER") -> SILVER PAPER | B23: =IFERROR(__xludf.DUMMYFUNCTION("""COMPUTED_VALUE"""),80.0) -> 80 | C23: =IFERROR(__xludf.DUMMYFUNCTION("""COMPUTED_VALUE"""),280.0) -> 280 | D23: =IFERROR(SUMIFS('Stock In'!F:F,'Stock In'!C:C,$A23,'Stock In'!D:D,$B23,'Stock In'!E:E,$C23),0) -> 5260 | E23: =IFERROR(SUMIFS(Issues!H:H,Issues!C:C,$A23,Issues!D:D,$B23,Issues!E:E,$C23),0) -> 6530 | F23: =IFERROR(SUMIFS(Returns!H:H,Returns!C:C,$A23,Returns!D:D,$B23,Returns!E:E,$C23),0) -> 900 | G23: =D23-E23+F23 -> -370 | H23: =($C23*G23)/1000 -> -103.6 | I23: =IFERROR( SUMIFS('Stock In'!I:I,'Stock In'!C:C,$A23,'Stock In'!D:D,$B23,'Stock In'!E:E,$C23) / SUMIFS('Stock In'!H:H,'Stock In'!C:C,$A23,'Stock In'!D:D,$B23,'Stock In'!E:E,$C23) , 0) -> 41.180133 | J23: =H23*I23 -> -4266.2618
A24: =IFERROR(__xludf.DUMMYFUNCTION("""COMPUTED_VALUE"""),"DOUBLE SILICON (P G BACK)") -> DOUBLE SILICON (P G BACK) | B24: =IFERROR(__xludf.DUMMYFUNCTION("""COMPUTED_VALUE"""),150.0) -> 150 | C24: =IFERROR(__xludf.DUMMYFUNCTION("""COMPUTED_VALUE"""),180.0) -> 180 | D24: =IFERROR(SUMIFS('Stock In'!F:F,'Stock In'!C:C,$A24,'Stock In'!D:D,$B24,'Stock In'!E:E,$C24),0) -> 1500 | E24: =IFERROR(SUMIFS(Issues!H:H,Issues!C:C,$A24,Issues!D:D,$B24,Issues!E:E,$C24),0) -> 0 | F24: =IFERROR(SUMIFS(Returns!H:H,Returns!C:C,$A24,Returns!D:D,$B24,Returns!E:E,$C24),0) -> 0 | G24: =D24-E24+F24 -> 1500 | H24: =($C24*G24)/1000 -> 270 | I24: =IFERROR( SUMIFS('Stock In'!I:I,'Stock In'!C:C,$A24,'Stock In'!D:D,$B24,'Stock In'!E:E,$C24) / SUMIFS('Stock In'!H:H,'Stock In'!C:C,$A24,'Stock In'!D:D,$B24,'Stock In'!E:E,$C24) , 0) -> 53.5 | J24: =H24*I24 -> 14445
A25: =IFERROR(__xludf.DUMMYFUNCTION("""COMPUTED_VALUE"""),"DOUBLE SILICON (P G BACK)") -> DOUBLE SILICON (P G BACK) | B25: =IFERROR(__xludf.DUMMYFUNCTION("""COMPUTED_VALUE"""),150.0) -> 150 | C25: =IFERROR(__xludf.DUMMYFUNCTION("""COMPUTED_VALUE"""),100.0) -> 100 | D25: =IFERROR(SUMIFS('Stock In'!F:F,'Stock In'!C:C,$A25,'Stock In'!D:D,$B25,'Stock In'!E:E,$C25),0) -> 1500 | E25: =IFERROR(SUMIFS(Issues!H:H,Issues!C:C,$A25,Issues!D:D,$B25,Issues!E:E,$C25),0) -> 0 | F25: =IFERROR(SUMIFS(Returns!H:H,Returns!C:C,$A25,Returns!D:D,$B25,Returns!E:E,$C25),0) -> 0 | G25: =D25-E25+F25 -> 1500 | H25: =($C25*G25)/1000 -> 150 | I25: =IFERROR( SUMIFS('Stock In'!I:I,'Stock In'!C:C,$A25,'Stock In'!D:D,$B25,'Stock In'!E:E,$C25) / SUMIFS('Stock In'!H:H,'Stock In'!C:C,$A25,'Stock In'!D:D,$B25,'Stock In'!E:E,$C25) , 0) -> 53.5 | J25: =H25*I25 -> 8025
A26: =IFERROR(__xludf.DUMMYFUNCTION("""COMPUTED_VALUE"""),"clear on clear") -> clear on clear | B26: =IFERROR(__xludf.DUMMYFUNCTION("""COMPUTED_VALUE"""),50.0) -> 50 | C26: =IFERROR(__xludf.DUMMYFUNCTION("""COMPUTED_VALUE"""),250.0) -> 250 | D26: =IFERROR(SUMIFS('Stock In'!F:F,'Stock In'!C:C,$A26,'Stock In'!D:D,$B26,'Stock In'!E:E,$C26),0) -> 1000 | E26: =IFERROR(SUMIFS(Issues!H:H,Issues!C:C,$A26,Issues!D:D,$B26,Issues!E:E,$C26),0) -> 0 | F26: =IFERROR(SUMIFS(Returns!H:H,Returns!C:C,$A26,Returns!D:D,$B26,Returns!E:E,$C26),0) -> 0 | G26: =D26-E26+F26 -> 1000 | H26: =($C26*G26)/1000 -> 250 | I26: =IFERROR( SUMIFS('Stock In'!I:I,'Stock In'!C:C,$A26,'Stock In'!D:D,$B26,'Stock In'!E:E,$C26) / SUMIFS('Stock In'!H:H,'Stock In'!C:C,$A26,'Stock In'!D:D,$B26,'Stock In'!E:E,$C26) , 0) -> 62 | J26: =H26*I26 -> 15500
A27: =IFERROR(__xludf.DUMMYFUNCTION("""COMPUTED_VALUE"""),"PET MATT") -> PET MATT | B27: =IFERROR(__xludf.DUMMYFUNCTION("""COMPUTED_VALUE"""),50.0) -> 50 | C27: =IFERROR(__xludf.DUMMYFUNCTION("""COMPUTED_VALUE"""),175.0) -> 175 | D27: =IFERROR(SUMIFS('Stock In'!F:F,'Stock In'!C:C,$A27,'Stock In'!D:D,$B27,'Stock In'!E:E,$C27),0) -> 600 | E27: =IFERROR(SUMIFS(Issues!H:H,Issues!C:C,$A27,Issues!D:D,$B27,Issues!E:E,$C27),0) -> 0 | F27: =IFERROR(SUMIFS(Returns!H:H,Returns!C:C,$A27,Returns!D:D,$B27,Returns!E:E,$C27),0) -> 0 | G27: =D27-E27+F27 -> 600 | H27: =($C27*G27)/1000 -> 105 | I27: =IFERROR( SUMIFS('Stock In'!I:I,'Stock In'!C:C,$A27,'Stock In'!D:D,$B27,'Stock In'!E:E,$C27) / SUMIFS('Stock In'!H:H,'Stock In'!C:C,$A27,'Stock In'!D:D,$B27,'Stock In'!E:E,$C27) , 0) -> 0 | J27: =H27*I27 -> 0
A28: =IFERROR(__xludf.DUMMYFUNCTION("""COMPUTED_VALUE"""),"Chromo") -> Chromo | B28: =IFERROR(__xludf.DUMMYFUNCTION("""COMPUTED_VALUE"""),80.0) -> 80 | C28: =IFERROR(__xludf.DUMMYFUNCTION("""COMPUTED_VALUE"""),195.0) -> 195 | D28: =IFERROR(SUMIFS('Stock In'!F:F,'Stock In'!C:C,$A28,'Stock In'!D:D,$B28,'Stock In'!E:E,$C28),0) -> 28790 | E28: =IFERROR(SUMIFS(Issues!H:H,Issues!C:C,$A28,Issues!D:D,$B28,Issues!E:E,$C28),0) -> 32120 | F28: =IFERROR(SUMIFS(Returns!H:H,Returns!C:C,$A28,Returns!D:D,$B28,Returns!E:E,$C28),0) -> 11950 | G28: =D28-E28+F28 -> 8620 | H28: =($C28*G28)/1000 -> 1680.9 | I28: =IFERROR( SUMIFS('Stock In'!I:I,'Stock In'!C:C,$A28,'Stock In'!D:D,$B28,'Stock In'!E:E,$C28) / SUMIFS('Stock In'!H:H,'Stock In'!C:C,$A28,'Stock In'!D:D,$B28,'Stock In'!E:E,$C28) , 0) -> 26.498437 | J28: =H28*I28 -> 44541.223
A29: =IFERROR(__xludf.DUMMYFUNCTION("""COMPUTED_VALUE"""),"PP WHITE MATT") -> PP WHITE MATT | B29: =IFERROR(__xludf.DUMMYFUNCTION("""COMPUTED_VALUE"""),50.0) -> 50 | C29: =IFERROR(__xludf.DUMMYFUNCTION("""COMPUTED_VALUE"""),200.0) -> 200 | D29: =IFERROR(SUMIFS('Stock In'!F:F,'Stock In'!C:C,$A29,'Stock In'!D:D,$B29,'Stock In'!E:E,$C29),0) -> 1500 | E29: =IFERROR(SUMIFS(Issues!H:H,Issues!C:C,$A29,Issues!D:D,$B29,Issues!E:E,$C29),0) -> 0 | F29: =IFERROR(SUMIFS(Returns!H:H,Returns!C:C,$A29,Returns!D:D,$B29,Returns!E:E,$C29),0) -> 0 | G29: =D29-E29+F29 -> 1500 | H29: =($C29*G29)/1000 -> 300 | I29: =IFERROR( SUMIFS('Stock In'!I:I,'Stock In'!C:C,$A29,'Stock In'!D:D,$B29,'Stock In'!E:E,$C29) / SUMIFS('Stock In'!H:H,'Stock In'!C:C,$A29,'Stock In'!D:D,$B29,'Stock In'!E:E,$C29) , 0) -> 34.5 | J29: =H29*I29 -> 10350
A30: =IFERROR(__xludf.DUMMYFUNCTION("""COMPUTED_VALUE"""),"Chromo") -> Chromo | B30: =IFERROR(__xludf.DUMMYFUNCTION("""COMPUTED_VALUE"""),80.0) -> 80 | C30: =IFERROR(__xludf.DUMMYFUNCTION("""COMPUTED_VALUE"""),220.0) -> 220 | D30: =IFERROR(SUMIFS('Stock In'!F:F,'Stock In'!C:C,$A30,'Stock In'!D:D,$B30,'Stock In'!E:E,$C30),0) -> 42780 | E30: =IFERROR(SUMIFS(Issues!H:H,Issues!C:C,$A30,Issues!D:D,$B30,Issues!E:E,$C30),0) -> 11250 | F30: =IFERROR(SUMIFS(Returns!H:H,Returns!C:C,$A30,Returns!D:D,$B30,Returns!E:E,$C30),0) -> 840 | G30: =D30-E30+F30 -> 32370 | H30: =($C30*G30)/1000 -> 7121.4 | I30: =IFERROR( SUMIFS('Stock In'!I:I,'Stock In'!C:C,$A30,'Stock In'!D:D,$B30,'Stock In'!E:E,$C30) / SUMIFS('Stock In'!H:H,'Stock In'!C:C,$A30,'Stock In'!D:D,$B30,'Stock In'!E:E,$C30) , 0) -> 27.423095 | J30: =H30*I30 -> 195290.83
A31: =IFERROR(__xludf.DUMMYFUNCTION("""COMPUTED_VALUE"""),"Chromo") -> Chromo | B31: =IFERROR(__xludf.DUMMYFUNCTION("""COMPUTED_VALUE"""),80.0) -> 80 | C31: =IFERROR(__xludf.DUMMYFUNCTION("""COMPUTED_VALUE"""),230.0) -> 230 | D31: =IFERROR(SUMIFS('Stock In'!F:F,'Stock In'!C:C,$A31,'Stock In'!D:D,$B31,'Stock In'!E:E,$C31),0) -> 200845 | E31: =IFERROR(SUMIFS(Issues!H:H,Issues!C:C,$A31,Issues!D:D,$B31,Issues!E:E,$C31),0) -> 202400 | F31: =IFERROR(SUMIFS(Returns!H:H,Returns!C:C,$A31,Returns!D:D,$B31,Returns!E:E,$C31),0) -> 29306 | G31: =D31-E31+F31 -> 27751 | H31: =($C31*G31)/1000 -> 6382.73 | I31: =IFERROR( SUMIFS('Stock In'!I:I,'Stock In'!C:C,$A31,'Stock In'!D:D,$B31,'Stock In'!E:E,$C31) / SUMIFS('Stock In'!H:H,'Stock In'!C:C,$A31,'Stock In'!D:D,$B31,'Stock In'!E:E,$C31) , 0) -> 28.102977 | J31: =H31*I31 -> 179373.72
A32: =IFERROR(__xludf.DUMMYFUNCTION("""COMPUTED_VALUE"""),"Chromo") -> Chromo | B32: =IFERROR(__xludf.DUMMYFUNCTION("""COMPUTED_VALUE"""),80.0) -> 80 | C32: =IFERROR(__xludf.DUMMYFUNCTION("""COMPUTED_VALUE"""),260.0) -> 260 | D32: =IFERROR(SUMIFS('Stock In'!F:F,'Stock In'!C:C,$A32,'Stock In'!D:D,$B32,'Stock In'!E:E,$C32),0) -> 35200 | E32: =IFERROR(SUMIFS(Issues!H:H,Issues!C:C,$A32,Issues!D:D,$B32,Issues!E:E,$C32),0) -> 19380 | F32: =IFERROR(SUMIFS(Returns!H:H,Returns!C:C,$A32,Returns!D:D,$B32,Returns!E:E,$C32),0) -> 3000 | G32: =D32-E32+F32 -> 18820 | H32: =($C32*G32)/1000 -> 4893.2 | I32: =IFERROR( SUMIFS('Stock In'!I:I,'Stock In'!C:C,$A32,'Stock In'!D:D,$B32,'Stock In'!E:E,$C32) / SUMIFS('Stock In'!H:H,'Stock In'!C:C,$A32,'Stock In'!D:D,$B32,'Stock In'!E:E,$C32) , 0) -> 26.981889 | J32: =H32*I32 -> 132027.78
A33: =IFERROR(__xludf.DUMMYFUNCTION("""COMPUTED_VALUE"""),"Only ART Paper Without Gumming") -> Only ART Paper Without Gumming | B33: =IFERROR(__xludf.DUMMYFUNCTION("""COMPUTED_VALUE"""),120.0) -> 120 | C33: =IFERROR(__xludf.DUMMYFUNCTION("""COMPUTED_VALUE"""),115.0) -> 115 | D33: =IFERROR(SUMIFS('Stock In'!F:F,'Stock In'!C:C,$A33,'Stock In'!D:D,$B33,'Stock In'!E:E,$C33),0) -> 1250 | E33: =IFERROR(SUMIFS(Issues!H:H,Issues!C:C,$A33,Issues!D:D,$B33,Issues!E:E,$C33),0) -> 0 | F33: =IFERROR(SUMIFS(Returns!H:H,Returns!C:C,$A33,Returns!D:D,$B33,Returns!E:E,$C33),0) -> 0 | G33: =D33-E33+F33 -> 1250 | H33: =($C33*G33)/1000 -> 143.75 | I33: =IFERROR( SUMIFS('Stock In'!I:I,'Stock In'!C:C,$A33,'Stock In'!D:D,$B33,'Stock In'!E:E,$C33) / SUMIFS('Stock In'!H:H,'Stock In'!C:C,$A33,'Stock In'!D:D,$B33,'Stock In'!E:E,$C33) , 0) -> 8.5 | J33: =H33*I33 -> 1221.875
A34: =IFERROR(__xludf.DUMMYFUNCTION("""COMPUTED_VALUE"""),"Chromo") -> Chromo | B34: =IFERROR(__xludf.DUMMYFUNCTION("""COMPUTED_VALUE"""),80.0) -> 80 | C34: =IFERROR(__xludf.DUMMYFUNCTION("""COMPUTED_VALUE"""),126.0) -> 126 | D34: =IFERROR(SUMIFS('Stock In'!F:F,'Stock In'!C:C,$A34,'Stock In'!D:D,$B34,'Stock In'!E:E,$C34),0) -> 8750 | E34: =IFERROR(SUMIFS(Issues!H:H,Issues!C:C,$A34,Issues!D:D,$B34,Issues!E:E,$C34),0) -> 9410 | F34: =IFERROR(SUMIFS(Returns!H:H,Returns!C:C,$A34,Returns!D:D,$B34,Returns!E:E,$C34),0) -> 1980 | G34: =D34-E34+F34 -> 1320 | H34: =($C34*G34)/1000 -> 166.32 | I34: =IFERROR( SUMIFS('Stock In'!I:I,'Stock In'!C:C,$A34,'Stock In'!D:D,$B34,'Stock In'!E:E,$C34) / SUMIFS('Stock In'!H:H,'Stock In'!C:C,$A34,'Stock In'!D:D,$B34,'Stock In'!E:E,$C34) , 0) -> 26.5 | J34: =H34*I34 -> 4407.48
A35: =IFERROR(__xludf.DUMMYFUNCTION("""COMPUTED_VALUE"""),"SILVER PAPER") -> SILVER PAPER | B35: =IFERROR(__xludf.DUMMYFUNCTION("""COMPUTED_VALUE"""),80.0) -> 80 | C35: =IFERROR(__xludf.DUMMYFUNCTION("""COMPUTED_VALUE"""),125.0) -> 125 | D35: =IFERROR(SUMIFS('Stock In'!F:F,'Stock In'!C:C,$A35,'Stock In'!D:D,$B35,'Stock In'!E:E,$C35),0) -> 5100 | E35: =IFERROR(SUMIFS(Issues!H:H,Issues!C:C,$A35,Issues!D:D,$B35,Issues!E:E,$C35),0) -> 4800 | F35: =IFERROR(SUMIFS(Returns!H:H,Returns!C:C,$A35,Returns!D:D,$B35,Returns!E:E,$C35),0) -> 390 | G35: =D35-E35+F35 -> 690 | H35: =($C35*G35)/1000 -> 86.25 | I35: =IFERROR( SUMIFS('Stock In'!I:I,'Stock In'!C:C,$A35,'Stock In'!D:D,$B35,'Stock In'!E:E,$C35) / SUMIFS('Stock In'!H:H,'Stock In'!C:C,$A35,'Stock In'!D:D,$B35,'Stock In'!E:E,$C35) , 0) -> 43.85 | J35: =H35*I35 -> 3782.0625
A36: =IFERROR(__xludf.DUMMYFUNCTION("""COMPUTED_VALUE"""),"SILVER PAPER") -> SILVER PAPER | B36: =IFERROR(__xludf.DUMMYFUNCTION("""COMPUTED_VALUE"""),80.0) -> 80 | C36: =IFERROR(__xludf.DUMMYFUNCTION("""COMPUTED_VALUE"""),160.0) -> 160 | D36: =IFERROR(SUMIFS('Stock In'!F:F,'Stock In'!C:C,$A36,'Stock In'!D:D,$B36,'Stock In'!E:E,$C36),0) -> 2670 | E36: =IFERROR(SUMIFS(Issues!H:H,Issues!C:C,$A36,Issues!D:D,$B36,Issues!E:E,$C36),0) -> 3560 | F36: =IFERROR(SUMIFS(Returns!H:H,Returns!C:C,$A36,Returns!D:D,$B36,Returns!E:E,$C36),0) -> 550 | G36: =D36-E36+F36 -> -340 | H36: =($C36*G36)/1000 -> -54.4 | I36: =IFERROR( SUMIFS('Stock In'!I:I,'Stock In'!C:C,$A36,'Stock In'!D:D,$B36,'Stock In'!E:E,$C36) / SUMIFS('Stock In'!H:H,'Stock In'!C:C,$A36,'Stock In'!D:D,$B36,'Stock In'!E:E,$C36) , 0) -> 40.271536 | J36: =H36*I36 -> -2190.7715
A37: =IFERROR(__xludf.DUMMYFUNCTION("""COMPUTED_VALUE"""),"SILVER PAPER") -> SILVER PAPER | B37: =IFERROR(__xludf.DUMMYFUNCTION("""COMPUTED_VALUE"""),80.0) -> 80 | C37: =IFERROR(__xludf.DUMMYFUNCTION("""COMPUTED_VALUE"""),170.0) -> 170 | D37: =IFERROR(SUMIFS('Stock In'!F:F,'Stock In'!C:C,$A37,'Stock In'!D:D,$B37,'Stock In'!E:E,$C37),0) -> 600 | E37: =IFERROR(SUMIFS(Issues!H:H,Issues!C:C,$A37,Issues!D:D,$B37,Issues!E:E,$C37),0) -> 0 | F37: =IFERROR(SUMIFS(Returns!H:H,Returns!C:C,$A37,Returns!D:D,$B37,Returns!E:E,$C37),0) -> 0 | G37: =D37-E37+F37 -> 600 | H37: =($C37*G37)/1000 -> 102 | I37: =IFERROR( SUMIFS('Stock In'!I:I,'Stock In'!C:C,$A37,'Stock In'!D:D,$B37,'Stock In'!E:E,$C37) / SUMIFS('Stock In'!H:H,'Stock In'!C:C,$A37,'Stock In'!D:D,$B37,'Stock In'!E:E,$C37) , 0) -> 43.85 | J37: =H37*I37 -> 4472.7
A38: =IFERROR(__xludf.DUMMYFUNCTION("""COMPUTED_VALUE"""),"SILVER PAPER") -> SILVER PAPER | B38: =IFERROR(__xludf.DUMMYFUNCTION("""COMPUTED_VALUE"""),80.0) -> 80 | C38: =IFERROR(__xludf.DUMMYFUNCTION("""COMPUTED_VALUE"""),190.0) -> 190 | D38: =IFERROR(SUMIFS('Stock In'!F:F,'Stock In'!C:C,$A38,'Stock In'!D:D,$B38,'Stock In'!E:E,$C38),0) -> 1300 | E38: =IFERROR(SUMIFS(Issues!H:H,Issues!C:C,$A38,Issues!D:D,$B38,Issues!E:E,$C38),0) -> 1500 | F38: =IFERROR(SUMIFS(Returns!H:H,Returns!C:C,$A38,Returns!D:D,$B38,Returns!E:E,$C38),0) -> 290 | G38: =D38-E38+F38 -> 90 | H38: =($C38*G38)/1000 -> 17.1 | I38: =IFERROR( SUMIFS('Stock In'!I:I,'Stock In'!C:C,$A38,'Stock In'!D:D,$B38,'Stock In'!E:E,$C38) / SUMIFS('Stock In'!H:H,'Stock In'!C:C,$A38,'Stock In'!D:D,$B38,'Stock In'!E:E,$C38) , 0) -> 43.85 | J38: =H38*I38 -> 749.835
A39: =IFERROR(__xludf.DUMMYFUNCTION("""COMPUTED_VALUE"""),"SILVER PAPER") -> SILVER PAPER | B39: =IFERROR(__xludf.DUMMYFUNCTION("""COMPUTED_VALUE"""),80.0) -> 80 | C39: =IFERROR(__xludf.DUMMYFUNCTION("""COMPUTED_VALUE"""),140.0) -> 140 | D39: =IFERROR(SUMIFS('Stock In'!F:F,'Stock In'!C:C,$A39,'Stock In'!D:D,$B39,'Stock In'!E:E,$C39),0) -> 5380 | E39: =IFERROR(SUMIFS(Issues!H:H,Issues!C:C,$A39,Issues!D:D,$B39,Issues!E:E,$C39),0) -> 10380 | F39: =IFERROR(SUMIFS(Returns!H:H,Returns!C:C,$A39,Returns!D:D,$B39,Returns!E:E,$C39),0) -> 2134 | G39: =D39-E39+F39 -> -2866 | H39: =($C39*G39)/1000 -> -401.24 | I39: =IFERROR( SUMIFS('Stock In'!I:I,'Stock In'!C:C,$A39,'Stock In'!D:D,$B39,'Stock In'!E:E,$C39) / SUMIFS('Stock In'!H:H,'Stock In'!C:C,$A39,'Stock In'!D:D,$B39,'Stock In'!E:E,$C39) , 0) -> 42.019145 | J39: =H39*I39 -> -16859.762
A40: =IFERROR(__xludf.DUMMYFUNCTION("""COMPUTED_VALUE"""),"Chromo") -> Chromo | B40: =IFERROR(__xludf.DUMMYFUNCTION("""COMPUTED_VALUE"""),80.0) -> 80 | C40: =IFERROR(__xludf.DUMMYFUNCTION("""COMPUTED_VALUE"""),185.0) -> 185 | D40: =IFERROR(SUMIFS('Stock In'!F:F,'Stock In'!C:C,$A40,'Stock In'!D:D,$B40,'Stock In'!E:E,$C40),0) -> 59790 | E40: =IFERROR(SUMIFS(Issues!H:H,Issues!C:C,$A40,Issues!D:D,$B40,Issues!E:E,$C40),0) -> 45270 | F40: =IFERROR(SUMIFS(Returns!H:H,Returns!C:C,$A40,Returns!D:D,$B40,Returns!E:E,$C40),0) -> 17370 | G40: =D40-E40+F40 -> 31890 | H40: =($C40*G40)/1000 -> 5899.65 | I40: =IFERROR( SUMIFS('Stock In'!I:I,'Stock In'!C:C,$A40,'Stock In'!D:D,$B40,'Stock In'!E:E,$C40) / SUMIFS('Stock In'!H:H,'Stock In'!C:C,$A40,'Stock In'!D:D,$B40,'Stock In'!E:E,$C40) , 0) -> 27.33626 | J40: =H40*I40 -> 161274.37
A41: =IFERROR(__xludf.DUMMYFUNCTION("""COMPUTED_VALUE"""),"Chromo") -> Chromo | B41: =IFERROR(__xludf.DUMMYFUNCTION("""COMPUTED_VALUE"""),80.0) -> 80 | C41: =IFERROR(__xludf.DUMMYFUNCTION("""COMPUTED_VALUE"""),200.0) -> 200 | D41: =IFERROR(SUMIFS('Stock In'!F:F,'Stock In'!C:C,$A41,'Stock In'!D:D,$B41,'Stock In'!E:E,$C41),0) -> 18879 | E41: =IFERROR(SUMIFS(Issues!H:H,Issues!C:C,$A41,Issues!D:D,$B41,Issues!E:E,$C41),0) -> 9150 | F41: =IFERROR(SUMIFS(Returns!H:H,Returns!C:C,$A41,Returns!D:D,$B41,Returns!E:E,$C41),0) -> 1260 | G41: =D41-E41+F41 -> 10989 | H41: =($C41*G41)/1000 -> 2197.8 | I41: =IFERROR( SUMIFS('Stock In'!I:I,'Stock In'!C:C,$A41,'Stock In'!D:D,$B41,'Stock In'!E:E,$C41) / SUMIFS('Stock In'!H:H,'Stock In'!C:C,$A41,'Stock In'!D:D,$B41,'Stock In'!E:E,$C41) , 0) -> 27.224853 | J41: =H41*I41 -> 59834.782
A42: =IFERROR(__xludf.DUMMYFUNCTION("""COMPUTED_VALUE"""),"Chromo") -> Chromo | B42: =IFERROR(__xludf.DUMMYFUNCTION("""COMPUTED_VALUE"""),80.0) -> 80 | C42: =IFERROR(__xludf.DUMMYFUNCTION("""COMPUTED_VALUE"""),240.0) -> 240 | D42: =IFERROR(SUMIFS('Stock In'!F:F,'Stock In'!C:C,$A42,'Stock In'!D:D,$B42,'Stock In'!E:E,$C42),0) -> 1300 | E42: =IFERROR(SUMIFS(Issues!H:H,Issues!C:C,$A42,Issues!D:D,$B42,Issues!E:E,$C42),0) -> 400 | F42: =IFERROR(SUMIFS(Returns!H:H,Returns!C:C,$A42,Returns!D:D,$B42,Returns!E:E,$C42),0) -> 200 | G42: =D42-E42+F42 -> 1100 | H42: =($C42*G42)/1000 -> 264 | I42: =IFERROR( SUMIFS('Stock In'!I:I,'Stock In'!C:C,$A42,'Stock In'!D:D,$B42,'Stock In'!E:E,$C42) / SUMIFS('Stock In'!H:H,'Stock In'!C:C,$A42,'Stock In'!D:D,$B42,'Stock In'!E:E,$C42) , 0) -> 26.5 | J42: =H42*I42 -> 6996
A43: =IFERROR(__xludf.DUMMYFUNCTION("""COMPUTED_VALUE"""),"Chromo") -> Chromo | B43: =IFERROR(__xludf.DUMMYFUNCTION("""COMPUTED_VALUE"""),80.0) -> 80 | C43: =IFERROR(__xludf.DUMMYFUNCTION("""COMPUTED_VALUE"""),245.0) -> 245 | D43: =IFERROR(SUMIFS('Stock In'!F:F,'Stock In'!C:C,$A43,'Stock In'!D:D,$B43,'Stock In'!E:E,$C43),0) -> 2070 | E43: =IFERROR(SUMIFS(Issues!H:H,Issues!C:C,$A43,Issues!D:D,$B43,Issues!E:E,$C43),0) -> 0 | F43: =IFERROR(SUMIFS(Returns!H:H,Returns!C:C,$A43,Returns!D:D,$B43,Returns!E:E,$C43),0) -> 0 | G43: =D43-E43+F43 -> 2070 | H43: =($C43*G43)/1000 -> 507.15 | I43: =IFERROR( SUMIFS('Stock In'!I:I,'Stock In'!C:C,$A43,'Stock In'!D:D,$B43,'Stock In'!E:E,$C43) / SUMIFS('Stock In'!H:H,'Stock In'!C:C,$A43,'Stock In'!D:D,$B43,'Stock In'!E:E,$C43) , 0) -> 26.5 | J43: =H43*I43 -> 13439.475
A44: =IFERROR(__xludf.DUMMYFUNCTION("""COMPUTED_VALUE"""),"Chromo") -> Chromo | B44: =IFERROR(__xludf.DUMMYFUNCTION("""COMPUTED_VALUE"""),80.0) -> 80 | C44: =IFERROR(__xludf.DUMMYFUNCTION("""COMPUTED_VALUE"""),340.0) -> 340 | D44: =IFERROR(SUMIFS('Stock In'!F:F,'Stock In'!C:C,$A44,'Stock In'!D:D,$B44,'Stock In'!E:E,$C44),0) -> 2000 | E44: =IFERROR(SUMIFS(Issues!H:H,Issues!C:C,$A44,Issues!D:D,$B44,Issues!E:E,$C44),0) -> 0 | F44: =IFERROR(SUMIFS(Returns!H:H,Returns!C:C,$A44,Returns!D:D,$B44,Returns!E:E,$C44),0) -> 0 | G44: =D44-E44+F44 -> 2000 | H44: =($C44*G44)/1000 -> 680 | I44: =IFERROR( SUMIFS('Stock In'!I:I,'Stock In'!C:C,$A44,'Stock In'!D:D,$B44,'Stock In'!E:E,$C44) / SUMIFS('Stock In'!H:H,'Stock In'!C:C,$A44,'Stock In'!D:D,$B44,'Stock In'!E:E,$C44) , 0) -> 26.5 | J44: =H44*I44 -> 18020
A45: =IFERROR(__xludf.DUMMYFUNCTION("""COMPUTED_VALUE"""),"Only ART Paper Without Gumming") -> Only ART Paper Without Gumming | B45: =IFERROR(__xludf.DUMMYFUNCTION("""COMPUTED_VALUE"""),80.0) -> 80 | C45: =IFERROR(__xludf.DUMMYFUNCTION("""COMPUTED_VALUE"""),340.0) -> 340 | D45: =IFERROR(SUMIFS('Stock In'!F:F,'Stock In'!C:C,$A45,'Stock In'!D:D,$B45,'Stock In'!E:E,$C45),0) -> 200 | E45: =IFERROR(SUMIFS(Issues!H:H,Issues!C:C,$A45,Issues!D:D,$B45,Issues!E:E,$C45),0) -> 0 | F45: =IFERROR(SUMIFS(Returns!H:H,Returns!C:C,$A45,Returns!D:D,$B45,Returns!E:E,$C45),0) -> 0 | G45: =D45-E45+F45 -> 200 | H45: =($C45*G45)/1000 -> 68 | I45: =IFERROR( SUMIFS('Stock In'!I:I,'Stock In'!C:C,$A45,'Stock In'!D:D,$B45,'Stock In'!E:E,$C45) / SUMIFS('Stock In'!H:H,'Stock In'!C:C,$A45,'Stock In'!D:D,$B45,'Stock In'!E:E,$C45) , 0) -> 8.5 | J45: =H45*I45 -> 578
A46: =IFERROR(__xludf.DUMMYFUNCTION("""COMPUTED_VALUE"""),"PP WHITE") -> PP WHITE | B46: =IFERROR(__xludf.DUMMYFUNCTION("""COMPUTED_VALUE"""),50.0) -> 50 | C46: =IFERROR(__xludf.DUMMYFUNCTION("""COMPUTED_VALUE"""),180.0) -> 180 | D46: =IFERROR(SUMIFS('Stock In'!F:F,'Stock In'!C:C,$A46,'Stock In'!D:D,$B46,'Stock In'!E:E,$C46),0) -> 2870 | E46: =IFERROR(SUMIFS(Issues!H:H,Issues!C:C,$A46,Issues!D:D,$B46,Issues!E:E,$C46),0) -> 0 | F46: =IFERROR(SUMIFS(Returns!H:H,Returns!C:C,$A46,Returns!D:D,$B46,Returns!E:E,$C46),0) -> 150 | G46: =D46-E46+F46 -> 3020 | H46: =($C46*G46)/1000 -> 543.6 | I46: =IFERROR( SUMIFS('Stock In'!I:I,'Stock In'!C:C,$A46,'Stock In'!D:D,$B46,'Stock In'!E:E,$C46) / SUMIFS('Stock In'!H:H,'Stock In'!C:C,$A46,'Stock In'!D:D,$B46,'Stock In'!E:E,$C46) , 0) -> 34.651568 | J46: =H46*I46 -> 18836.592
A47: =IFERROR(__xludf.DUMMYFUNCTION("""COMPUTED_VALUE"""),"PP WHITE") -> PP WHITE | B47: =IFERROR(__xludf.DUMMYFUNCTION("""COMPUTED_VALUE"""),50.0) -> 50 | C47: =IFERROR(__xludf.DUMMYFUNCTION("""COMPUTED_VALUE"""),320.0) -> 320 | D47: =IFERROR(SUMIFS('Stock In'!F:F,'Stock In'!C:C,$A47,'Stock In'!D:D,$B47,'Stock In'!E:E,$C47),0) -> 250 | E47: =IFERROR(SUMIFS(Issues!H:H,Issues!C:C,$A47,Issues!D:D,$B47,Issues!E:E,$C47),0) -> 0 | F47: =IFERROR(SUMIFS(Returns!H:H,Returns!C:C,$A47,Returns!D:D,$B47,Returns!E:E,$C47),0) -> 0 | G47: =D47-E47+F47 -> 250 | H47: =($C47*G47)/1000 -> 80 | I47: =IFERROR( SUMIFS('Stock In'!I:I,'Stock In'!C:C,$A47,'Stock In'!D:D,$B47,'Stock In'!E:E,$C47) / SUMIFS('Stock In'!H:H,'Stock In'!C:C,$A47,'Stock In'!D:D,$B47,'Stock In'!E:E,$C47) , 0) -> 34 | J47: =H47*I47 -> 2720
A48: =IFERROR(__xludf.DUMMYFUNCTION("""COMPUTED_VALUE"""),"PP WHITE") -> PP WHITE | B48: =IFERROR(__xludf.DUMMYFUNCTION("""COMPUTED_VALUE"""),50.0) -> 50 | C48: =IFERROR(__xludf.DUMMYFUNCTION("""COMPUTED_VALUE"""),90.0) -> 90 | D48: =IFERROR(SUMIFS('Stock In'!F:F,'Stock In'!C:C,$A48,'Stock In'!D:D,$B48,'Stock In'!E:E,$C48),0) -> 700 | E48: =IFERROR(SUMIFS(Issues!H:H,Issues!C:C,$A48,Issues!D:D,$B48,Issues!E:E,$C48),0) -> 0 | F48: =IFERROR(SUMIFS(Returns!H:H,Returns!C:C,$A48,Returns!D:D,$B48,Returns!E:E,$C48),0) -> 0 | G48: =D48-E48+F48 -> 700 | H48: =($C48*G48)/1000 -> 63 | I48: =IFERROR( SUMIFS('Stock In'!I:I,'Stock In'!C:C,$A48,'Stock In'!D:D,$B48,'Stock In'!E:E,$C48) / SUMIFS('Stock In'!H:H,'Stock In'!C:C,$A48,'Stock In'!D:D,$B48,'Stock In'!E:E,$C48) , 0) -> 36 | J48: =H48*I48 -> 2268
A49: =IFERROR(__xludf.DUMMYFUNCTION("""COMPUTED_VALUE"""),"PP CLEAR") -> PP CLEAR | B49: =IFERROR(__xludf.DUMMYFUNCTION("""COMPUTED_VALUE"""),50.0) -> 50 | C49: =IFERROR(__xludf.DUMMYFUNCTION("""COMPUTED_VALUE"""),91.0) -> 91 | D49: =IFERROR(SUMIFS('Stock In'!F:F,'Stock In'!C:C,$A49,'Stock In'!D:D,$B49,'Stock In'!E:E,$C49),0) -> 12080 | E49: =IFERROR(SUMIFS(Issues!H:H,Issues!C:C,$A49,Issues!D:D,$B49,Issues!E:E,$C49),0) -> 0 | F49: =IFERROR(SUMIFS(Returns!H:H,Returns!C:C,$A49,Returns!D:D,$B49,Returns!E:E,$C49),0) -> 0 | G49: =D49-E49+F49 -> 12080 | H49: =($C49*G49)/1000 -> 1099.28 | I49: =IFERROR( SUMIFS('Stock In'!I:I,'Stock In'!C:C,$A49,'Stock In'!D:D,$B49,'Stock In'!E:E,$C49) / SUMIFS('Stock In'!H:H,'Stock In'!C:C,$A49,'Stock In'!D:D,$B49,'Stock In'!E:E,$C49) , 0) -> 34.5 | J49: =H49*I49 -> 37925.16
A50: =IFERROR(__xludf.DUMMYFUNCTION("""COMPUTED_VALUE"""),"PP CLEAR") -> PP CLEAR | B50: =IFERROR(__xludf.DUMMYFUNCTION("""COMPUTED_VALUE"""),50.0) -> 50 | C50: =IFERROR(__xludf.DUMMYFUNCTION("""COMPUTED_VALUE"""),195.0) -> 195 | D50: =IFERROR(SUMIFS('Stock In'!F:F,'Stock In'!C:C,$A50,'Stock In'!D:D,$B50,'Stock In'!E:E,$C50),0) -> 1750 | E50: =IFERROR(SUMIFS(Issues!H:H,Issues!C:C,$A50,Issues!D:D,$B50,Issues!E:E,$C50),0) -> 500 | F50: =IFERROR(SUMIFS(Returns!H:H,Returns!C:C,$A50,Returns!D:D,$B50,Returns!E:E,$C50),0) -> 0 | G50: =D50-E50+F50 -> 1250 | H50: =($C50*G50)/1000 -> 243.75 | I50: =IFERROR( SUMIFS('Stock In'!I:I,'Stock In'!C:C,$A50,'Stock In'!D:D,$B50,'Stock In'!E:E,$C50) / SUMIFS('Stock In'!H:H,'Stock In'!C:C,$A50,'Stock In'!D:D,$B50,'Stock In'!E:E,$C50) , 0) -> 34.142857 | J50: =H50*I50 -> 8322.3214
A51: =IFERROR(__xludf.DUMMYFUNCTION("""COMPUTED_VALUE"""),"PP CLEAR") -> PP CLEAR | B51: =IFERROR(__xludf.DUMMYFUNCTION("""COMPUTED_VALUE"""),50.0) -> 50 | C51: =IFERROR(__xludf.DUMMYFUNCTION("""COMPUTED_VALUE"""),295.0) -> 295 | D51: =IFERROR(SUMIFS('Stock In'!F:F,'Stock In'!C:C,$A51,'Stock In'!D:D,$B51,'Stock In'!E:E,$C51),0) -> 740 | E51: =IFERROR(SUMIFS(Issues!H:H,Issues!C:C,$A51,Issues!D:D,$B51,Issues!E:E,$C51),0) -> 0 | F51: =IFERROR(SUMIFS(Returns!H:H,Returns!C:C,$A51,Returns!D:D,$B51,Returns!E:E,$C51),0) -> 0 | G51: =D51-E51+F51 -> 740 | H51: =($C51*G51)/1000 -> 218.3 | I51: =IFERROR( SUMIFS('Stock In'!I:I,'Stock In'!C:C,$A51,'Stock In'!D:D,$B51,'Stock In'!E:E,$C51) / SUMIFS('Stock In'!H:H,'Stock In'!C:C,$A51,'Stock In'!D:D,$B51,'Stock In'!E:E,$C51) , 0) -> 34.5 | J51: =H51*I51 -> 7531.35
A52: =IFERROR(__xludf.DUMMYFUNCTION("""COMPUTED_VALUE"""),"PP SILVER") -> PP SILVER | B52: =IFERROR(__xludf.DUMMYFUNCTION("""COMPUTED_VALUE"""),50.0) -> 50 | C52: =IFERROR(__xludf.DUMMYFUNCTION("""COMPUTED_VALUE"""),125.0) -> 125 | D52: =IFERROR(SUMIFS('Stock In'!F:F,'Stock In'!C:C,$A52,'Stock In'!D:D,$B52,'Stock In'!E:E,$C52),0) -> 7450 | E52: =IFERROR(SUMIFS(Issues!H:H,Issues!C:C,$A52,Issues!D:D,$B52,Issues!E:E,$C52),0) -> 1450 | F52: =IFERROR(SUMIFS(Returns!H:H,Returns!C:C,$A52,Returns!D:D,$B52,Returns!E:E,$C52),0) -> 450 | G52: =D52-E52+F52 -> 6450 | H52: =($C52*G52)/1000 -> 806.25 | I52: =IFERROR( SUMIFS('Stock In'!I:I,'Stock In'!C:C,$A52,'Stock In'!D:D,$B52,'Stock In'!E:E,$C52) / SUMIFS('Stock In'!H:H,'Stock In'!C:C,$A52,'Stock In'!D:D,$B52,'Stock In'!E:E,$C52) , 0) -> 34 | J52: =H52*I52 -> 27412.5
A53: =IFERROR(__xludf.DUMMYFUNCTION("""COMPUTED_VALUE"""),"PP WHITE") -> PP WHITE | B53: =IFERROR(__xludf.DUMMYFUNCTION("""COMPUTED_VALUE"""),50.0) -> 50 | C53: =IFERROR(__xludf.DUMMYFUNCTION("""COMPUTED_VALUE"""),135.0) -> 135 | D53: =IFERROR(SUMIFS('Stock In'!F:F,'Stock In'!C:C,$A53,'Stock In'!D:D,$B53,'Stock In'!E:E,$C53),0) -> 3830 | E53: =IFERROR(SUMIFS(Issues!H:H,Issues!C:C,$A53,Issues!D:D,$B53,Issues!E:E,$C53),0) -> 3845 | F53: =IFERROR(SUMIFS(Returns!H:H,Returns!C:C,$A53,Returns!D:D,$B53,Returns!E:E,$C53),0) -> 2495 | G53: =D53-E53+F53 -> 2480 | H53: =($C53*G53)/1000 -> 334.8 | I53: =IFERROR( SUMIFS('Stock In'!I:I,'Stock In'!C:C,$A53,'Stock In'!D:D,$B53,'Stock In'!E:E,$C53) / SUMIFS('Stock In'!H:H,'Stock In'!C:C,$A53,'Stock In'!D:D,$B53,'Stock In'!E:E,$C53) , 0) -> 34.91906 | J53: =H53*I53 -> 11690.901
A54: =IFERROR(__xludf.DUMMYFUNCTION("""COMPUTED_VALUE"""),"PP SILVER") -> PP SILVER | B54: =IFERROR(__xludf.DUMMYFUNCTION("""COMPUTED_VALUE"""),50.0) -> 50 | C54: =IFERROR(__xludf.DUMMYFUNCTION("""COMPUTED_VALUE"""),150.0) -> 150 | D54: =IFERROR(SUMIFS('Stock In'!F:F,'Stock In'!C:C,$A54,'Stock In'!D:D,$B54,'Stock In'!E:E,$C54),0) -> 200 | E54: =IFERROR(SUMIFS(Issues!H:H,Issues!C:C,$A54,Issues!D:D,$B54,Issues!E:E,$C54),0) -> 0 | F54: =IFERROR(SUMIFS(Returns!H:H,Returns!C:C,$A54,Returns!D:D,$B54,Returns!E:E,$C54),0) -> 0 | G54: =D54-E54+F54 -> 200 | H54: =($C54*G54)/1000 -> 30 | I54: =IFERROR( SUMIFS('Stock In'!I:I,'Stock In'!C:C,$A54,'Stock In'!D:D,$B54,'Stock In'!E:E,$C54) / SUMIFS('Stock In'!H:H,'Stock In'!C:C,$A54,'Stock In'!D:D,$B54,'Stock In'!E:E,$C54) , 0) -> 34 | J54: =H54*I54 -> 1020
A55: =IFERROR(__xludf.DUMMYFUNCTION("""COMPUTED_VALUE"""),"PP CLEAR") -> PP CLEAR | B55: =IFERROR(__xludf.DUMMYFUNCTION("""COMPUTED_VALUE"""),50.0) -> 50 | C55: =IFERROR(__xludf.DUMMYFUNCTION("""COMPUTED_VALUE"""),160.0) -> 160 | D55: =IFERROR(SUMIFS('Stock In'!F:F,'Stock In'!C:C,$A55,'Stock In'!D:D,$B55,'Stock In'!E:E,$C55),0) -> 1900 | E55: =IFERROR(SUMIFS(Issues!H:H,Issues!C:C,$A55,Issues!D:D,$B55,Issues!E:E,$C55),0) -> 0 | F55: =IFERROR(SUMIFS(Returns!H:H,Returns!C:C,$A55,Returns!D:D,$B55,Returns!E:E,$C55),0) -> 0 | G55: =D55-E55+F55 -> 1900 | H55: =($C55*G55)/1000 -> 304 | I55: =IFERROR( SUMIFS('Stock In'!I:I,'Stock In'!C:C,$A55,'Stock In'!D:D,$B55,'Stock In'!E:E,$C55) / SUMIFS('Stock In'!H:H,'Stock In'!C:C,$A55,'Stock In'!D:D,$B55,'Stock In'!E:E,$C55) , 0) -> 40 | J55: =H55*I55 -> 12160
A56: =IFERROR(__xludf.DUMMYFUNCTION("""COMPUTED_VALUE"""),"Pvc Cast Film") -> Pvc Cast Film | B56: =IFERROR(__xludf.DUMMYFUNCTION("""COMPUTED_VALUE"""),40.0) -> 40 | C56: =IFERROR(__xludf.DUMMYFUNCTION("""COMPUTED_VALUE"""),240.0) -> 240 | D56: =IFERROR(SUMIFS('Stock In'!F:F,'Stock In'!C:C,$A56,'Stock In'!D:D,$B56,'Stock In'!E:E,$C56),0) -> 30000 | E56: =IFERROR(SUMIFS(Issues!H:H,Issues!C:C,$A56,Issues!D:D,$B56,Issues!E:E,$C56),0) -> 68555 | F56: =IFERROR(SUMIFS(Returns!H:H,Returns!C:C,$A56,Returns!D:D,$B56,Returns!E:E,$C56),0) -> 35946 | G56: =D56-E56+F56 -> -2609 | H56: =($C56*G56)/1000 -> -626.16 | I56: =IFERROR( SUMIFS('Stock In'!I:I,'Stock In'!C:C,$A56,'Stock In'!D:D,$B56,'Stock In'!E:E,$C56) / SUMIFS('Stock In'!H:H,'Stock In'!C:C,$A56,'Stock In'!D:D,$B56,'Stock In'!E:E,$C56) , 0) -> 13 | J56: =H56*I56 -> -8140.08
A57: =IFERROR(__xludf.DUMMYFUNCTION("""COMPUTED_VALUE"""),"Pvc Cast Film") -> Pvc Cast Film | B57: =IFERROR(__xludf.DUMMYFUNCTION("""COMPUTED_VALUE"""),40.0) -> 40 | C57: =IFERROR(__xludf.DUMMYFUNCTION("""COMPUTED_VALUE"""),190.0) -> 190 | D57: =IFERROR(SUMIFS('Stock In'!F:F,'Stock In'!C:C,$A57,'Stock In'!D:D,$B57,'Stock In'!E:E,$C57),0) -> 500 | E57: =IFERROR(SUMIFS(Issues!H:H,Issues!C:C,$A57,Issues!D:D,$B57,Issues!E:E,$C57),0) -> 0 | F57: =IFERROR(SUMIFS(Returns!H:H,Returns!C:C,$A57,Returns!D:D,$B57,Returns!E:E,$C57),0) -> 0 | G57: =D57-E57+F57 -> 500 | H57: =($C57*G57)/1000 -> 95 | I57: =IFERROR( SUMIFS('Stock In'!I:I,'Stock In'!C:C,$A57,'Stock In'!D:D,$B57,'Stock In'!E:E,$C57) / SUMIFS('Stock In'!H:H,'Stock In'!C:C,$A57,'Stock In'!D:D,$B57,'Stock In'!E:E,$C57) , 0) -> 13 | J57: =H57*I57 -> 1235
A58: =IFERROR(__xludf.DUMMYFUNCTION("""COMPUTED_VALUE"""),"Pvc Cast Film") -> Pvc Cast Film | B58: =IFERROR(__xludf.DUMMYFUNCTION("""COMPUTED_VALUE"""),40.0) -> 40 | C58: =IFERROR(__xludf.DUMMYFUNCTION("""COMPUTED_VALUE"""),195.0) -> 195 | D58: =IFERROR(SUMIFS('Stock In'!F:F,'Stock In'!C:C,$A58,'Stock In'!D:D,$B58,'Stock In'!E:E,$C58),0) -> 600 | E58: =IFERROR(SUMIFS(Issues!H:H,Issues!C:C,$A58,Issues!D:D,$B58,Issues!E:E,$C58),0) -> 0 | F58: =IFERROR(SUMIFS(Returns!H:H,Returns!C:C,$A58,Returns!D:D,$B58,Returns!E:E,$C58),0) -> 0 | G58: =D58-E58+F58 -> 600 | H58: =($C58*G58)/1000 -> 117 | I58: =IFERROR( SUMIFS('Stock In'!I:I,'Stock In'!C:C,$A58,'Stock In'!D:D,$B58,'Stock In'!E:E,$C58) / SUMIFS('Stock In'!H:H,'Stock In'!C:C,$A58,'Stock In'!D:D,$B58,'Stock In'!E:E,$C58) , 0) -> 13 | J58: =H58*I58 -> 1521
A59: =IFERROR(__xludf.DUMMYFUNCTION("""COMPUTED_VALUE"""),"PP CLEAR") -> PP CLEAR | B59: =IFERROR(__xludf.DUMMYFUNCTION("""COMPUTED_VALUE"""),50.0) -> 50 | C59: =IFERROR(__xludf.DUMMYFUNCTION("""COMPUTED_VALUE"""),220.0) -> 220 | D59: =IFERROR(SUMIFS('Stock In'!F:F,'Stock In'!C:C,$A59,'Stock In'!D:D,$B59,'Stock In'!E:E,$C59),0) -> 1800 | E59: =IFERROR(SUMIFS(Issues!H:H,Issues!C:C,$A59,Issues!D:D,$B59,Issues!E:E,$C59),0) -> 0 | F59: =IFERROR(SUMIFS(Returns!H:H,Returns!C:C,$A59,Returns!D:D,$B59,Returns!E:E,$C59),0) -> 0 | G59: =D59-E59+F59 -> 1800 | H59: =($C59*G59)/1000 -> 396 | I59: =IFERROR( SUMIFS('Stock In'!I:I,'Stock In'!C:C,$A59,'Stock In'!D:D,$B59,'Stock In'!E:E,$C59) / SUMIFS('Stock In'!H:H,'Stock In'!C:C,$A59,'Stock In'!D:D,$B59,'Stock In'!E:E,$C59) , 0) -> 40 | J59: =H59*I59 -> 15840
A60: =IFERROR(__xludf.DUMMYFUNCTION("""COMPUTED_VALUE"""),"CHROMO ( SHINE )") -> CHROMO ( SHINE ) | B60: =IFERROR(__xludf.DUMMYFUNCTION("""COMPUTED_VALUE"""),80.0) -> 80 | C60: =IFERROR(__xludf.DUMMYFUNCTION("""COMPUTED_VALUE"""),210.0) -> 210 | D60: =IFERROR(SUMIFS('Stock In'!F:F,'Stock In'!C:C,$A60,'Stock In'!D:D,$B60,'Stock In'!E:E,$C60),0) -> 1000 | E60: =IFERROR(SUMIFS(Issues!H:H,Issues!C:C,$A60,Issues!D:D,$B60,Issues!E:E,$C60),0) -> 0 | F60: =IFERROR(SUMIFS(Returns!H:H,Returns!C:C,$A60,Returns!D:D,$B60,Returns!E:E,$C60),0) -> 0 | G60: =D60-E60+F60 -> 1000 | H60: =($C60*G60)/1000 -> 210 | I60: =IFERROR( SUMIFS('Stock In'!I:I,'Stock In'!C:C,$A60,'Stock In'!D:D,$B60,'Stock In'!E:E,$C60) / SUMIFS('Stock In'!H:H,'Stock In'!C:C,$A60,'Stock In'!D:D,$B60,'Stock In'!E:E,$C60) , 0) -> 30 | J60: =H60*I60 -> 6300
A61: =IFERROR(__xludf.DUMMYFUNCTION("""COMPUTED_VALUE"""),"RAFLACOAT NXT (CHROMO PAPER)") -> RAFLACOAT NXT (CHROMO PAPER) | B61: =IFERROR(__xludf.DUMMYFUNCTION("""COMPUTED_VALUE"""),70.0) -> 70 | C61: =IFERROR(__xludf.DUMMYFUNCTION("""COMPUTED_VALUE"""),160.0) -> 160 | D61: =IFERROR(SUMIFS('Stock In'!F:F,'Stock In'!C:C,$A61,'Stock In'!D:D,$B61,'Stock In'!E:E,$C61),0) -> 17930 | E61: =IFERROR(SUMIFS(Issues!H:H,Issues!C:C,$A61,Issues!D:D,$B61,Issues!E:E,$C61),0) -> 0 | F61: =IFERROR(SUMIFS(Returns!H:H,Returns!C:C,$A61,Returns!D:D,$B61,Returns!E:E,$C61),0) -> 0 | G61: =D61-E61+F61 -> 17930 | H61: =($C61*G61)/1000 -> 2868.8 | I61: =IFERROR( SUMIFS('Stock In'!I:I,'Stock In'!C:C,$A61,'Stock In'!D:D,$B61,'Stock In'!E:E,$C61) / SUMIFS('Stock In'!H:H,'Stock In'!C:C,$A61,'Stock In'!D:D,$B61,'Stock In'!E:E,$C61) , 0) -> 27.5 | J61: =H61*I61 -> 78892
A62: =IFERROR(__xludf.DUMMYFUNCTION("""COMPUTED_VALUE"""),"PE CLEAR") -> PE CLEAR | B62: =IFERROR(__xludf.DUMMYFUNCTION("""COMPUTED_VALUE"""),50.0) -> 50 | C62: =IFERROR(__xludf.DUMMYFUNCTION("""COMPUTED_VALUE"""),265.0) -> 265 | D62: =IFERROR(SUMIFS('Stock In'!F:F,'Stock In'!C:C,$A62,'Stock In'!D:D,$B62,'Stock In'!E:E,$C62),0) -> 1500 | E62: =IFERROR(SUMIFS(Issues!H:H,Issues!C:C,$A62,Issues!D:D,$B62,Issues!E:E,$C62),0) -> 0 | F62: =IFERROR(SUMIFS(Returns!H:H,Returns!C:C,$A62,Returns!D:D,$B62,Returns!E:E,$C62),0) -> 0 | G62: =D62-E62+F62 -> 1500 | H62: =($C62*G62)/1000 -> 397.5 | I62: =IFERROR( SUMIFS('Stock In'!I:I,'Stock In'!C:C,$A62,'Stock In'!D:D,$B62,'Stock In'!E:E,$C62) / SUMIFS('Stock In'!H:H,'Stock In'!C:C,$A62,'Stock In'!D:D,$B62,'Stock In'!E:E,$C62) , 0) -> 48 | J62: =H62*I62 -> 19080
A63: =IFERROR(__xludf.DUMMYFUNCTION("""COMPUTED_VALUE"""),"PE CLEAR") -> PE CLEAR | B63: =IFERROR(__xludf.DUMMYFUNCTION("""COMPUTED_VALUE"""),50.0) -> 50 | C63: =IFERROR(__xludf.DUMMYFUNCTION("""COMPUTED_VALUE"""),266.0) -> 266 | D63: =IFERROR(SUMIFS('Stock In'!F:F,'Stock In'!C:C,$A63,'Stock In'!D:D,$B63,'Stock In'!E:E,$C63),0) -> 4000 | E63: =IFERROR(SUMIFS(Issues!H:H,Issues!C:C,$A63,Issues!D:D,$B63,Issues!E:E,$C63),0) -> 0 | F63: =IFERROR(SUMIFS(Returns!H:H,Returns!C:C,$A63,Returns!D:D,$B63,Returns!E:E,$C63),0) -> 0 | G63: =D63-E63+F63 -> 4000 | H63: =($C63*G63)/1000 -> 1064 | I63: =IFERROR( SUMIFS('Stock In'!I:I,'Stock In'!C:C,$A63,'Stock In'!D:D,$B63,'Stock In'!E:E,$C63) / SUMIFS('Stock In'!H:H,'Stock In'!C:C,$A63,'Stock In'!D:D,$B63,'Stock In'!E:E,$C63) , 0) -> 48 | J63: =H63*I63 -> 51072
A64: =IFERROR(__xludf.DUMMYFUNCTION("""COMPUTED_VALUE"""),"PP WHITE") -> PP WHITE | B64: =IFERROR(__xludf.DUMMYFUNCTION("""COMPUTED_VALUE"""),50.0) -> 50 | C64: =IFERROR(__xludf.DUMMYFUNCTION("""COMPUTED_VALUE"""),150.0) -> 150 | D64: =IFERROR(SUMIFS('Stock In'!F:F,'Stock In'!C:C,$A64,'Stock In'!D:D,$B64,'Stock In'!E:E,$C64),0) -> 800 | E64: =IFERROR(SUMIFS(Issues!H:H,Issues!C:C,$A64,Issues!D:D,$B64,Issues!E:E,$C64),0) -> 0 | F64: =IFERROR(SUMIFS(Returns!H:H,Returns!C:C,$A64,Returns!D:D,$B64,Returns!E:E,$C64),0) -> 0 | G64: =D64-E64+F64 -> 800 | H64: =($C64*G64)/1000 -> 120 | I64: =IFERROR( SUMIFS('Stock In'!I:I,'Stock In'!C:C,$A64,'Stock In'!D:D,$B64,'Stock In'!E:E,$C64) / SUMIFS('Stock In'!H:H,'Stock In'!C:C,$A64,'Stock In'!D:D,$B64,'Stock In'!E:E,$C64) , 0) -> 35 | J64: =H64*I64 -> 4200
A65: =IFERROR(__xludf.DUMMYFUNCTION("""COMPUTED_VALUE"""),"PP WHITE") -> PP WHITE | B65: =IFERROR(__xludf.DUMMYFUNCTION("""COMPUTED_VALUE"""),50.0) -> 50 | C65: =IFERROR(__xludf.DUMMYFUNCTION("""COMPUTED_VALUE"""),265.0) -> 265 | D65: =IFERROR(SUMIFS('Stock In'!F:F,'Stock In'!C:C,$A65,'Stock In'!D:D,$B65,'Stock In'!E:E,$C65),0) -> 1000 | E65: =IFERROR(SUMIFS(Issues!H:H,Issues!C:C,$A65,Issues!D:D,$B65,Issues!E:E,$C65),0) -> 0 | F65: =IFERROR(SUMIFS(Returns!H:H,Returns!C:C,$A65,Returns!D:D,$B65,Returns!E:E,$C65),0) -> 0 | G65: =D65-E65+F65 -> 1000 | H65: =($C65*G65)/1000 -> 265 | I65: =IFERROR( SUMIFS('Stock In'!I:I,'Stock In'!C:C,$A65,'Stock In'!D:D,$B65,'Stock In'!E:E,$C65) / SUMIFS('Stock In'!H:H,'Stock In'!C:C,$A65,'Stock In'!D:D,$B65,'Stock In'!E:E,$C65) , 0) -> 35 | J65: =H65*I65 -> 9275
A66: =IFERROR(__xludf.DUMMYFUNCTION("""COMPUTED_VALUE"""),"ONLY CHROMO ( GLOSS PAPER ) RAHAT HD") -> ONLY CHROMO ( GLOSS PAPER ) RAHAT HD | B66: =IFERROR(__xludf.DUMMYFUNCTION("""COMPUTED_VALUE"""),120.0) -> 120 | C66: =IFERROR(__xludf.DUMMYFUNCTION("""COMPUTED_VALUE"""),250.0) -> 250 | D66: =IFERROR(SUMIFS('Stock In'!F:F,'Stock In'!C:C,$A66,'Stock In'!D:D,$B66,'Stock In'!E:E,$C66),0) -> 6000 | E66: =IFERROR(SUMIFS(Issues!H:H,Issues!C:C,$A66,Issues!D:D,$B66,Issues!E:E,$C66),0) -> 6100 | F66: =IFERROR(SUMIFS(Returns!H:H,Returns!C:C,$A66,Returns!D:D,$B66,Returns!E:E,$C66),0) -> 315 | G66: =D66-E66+F66 -> 215 | H66: =($C66*G66)/1000 -> 53.75 | I66: =IFERROR( SUMIFS('Stock In'!I:I,'Stock In'!C:C,$A66,'Stock In'!D:D,$B66,'Stock In'!E:E,$C66) / SUMIFS('Stock In'!H:H,'Stock In'!C:C,$A66,'Stock In'!D:D,$B66,'Stock In'!E:E,$C66) , 0) -> 0 | J66: =H66*I66 -> 0
A67: =IFERROR(__xludf.DUMMYFUNCTION("""COMPUTED_VALUE"""),"IML Blow Mould") -> IML Blow Mould | B67: =IFERROR(__xludf.DUMMYFUNCTION("""COMPUTED_VALUE"""),70.0) -> 70 | C67: =IFERROR(__xludf.DUMMYFUNCTION("""COMPUTED_VALUE"""),210.0) -> 210 | D67: =IFERROR(SUMIFS('Stock In'!F:F,'Stock In'!C:C,$A67,'Stock In'!D:D,$B67,'Stock In'!E:E,$C67),0) -> 2700 | E67: =IFERROR(SUMIFS(Issues!H:H,Issues!C:C,$A67,Issues!D:D,$B67,Issues!E:E,$C67),0) -> 0 | F67: =IFERROR(SUMIFS(Returns!H:H,Returns!C:C,$A67,Returns!D:D,$B67,Returns!E:E,$C67),0) -> 0 | G67: =D67-E67+F67 -> 2700 | H67: =($C67*G67)/1000 -> 567 | I67: =IFERROR( SUMIFS('Stock In'!I:I,'Stock In'!C:C,$A67,'Stock In'!D:D,$B67,'Stock In'!E:E,$C67) / SUMIFS('Stock In'!H:H,'Stock In'!C:C,$A67,'Stock In'!D:D,$B67,'Stock In'!E:E,$C67) , 0) -> 48 | J67: =H67*I67 -> 27216
A68: =IFERROR(__xludf.DUMMYFUNCTION("""COMPUTED_VALUE"""),"IML Blow Mould") -> IML Blow Mould | B68: =IFERROR(__xludf.DUMMYFUNCTION("""COMPUTED_VALUE"""),70.0) -> 70 | C68: =IFERROR(__xludf.DUMMYFUNCTION("""COMPUTED_VALUE"""),200.0) -> 200 | D68: =IFERROR(SUMIFS('Stock In'!F:F,'Stock In'!C:C,$A68,'Stock In'!D:D,$B68,'Stock In'!E:E,$C68),0) -> 1950 | E68: =IFERROR(SUMIFS(Issues!H:H,Issues!C:C,$A68,Issues!D:D,$B68,Issues!E:E,$C68),0) -> 0 | F68: =IFERROR(SUMIFS(Returns!H:H,Returns!C:C,$A68,Returns!D:D,$B68,Returns!E:E,$C68),0) -> 0 | G68: =D68-E68+F68 -> 1950 | H68: =($C68*G68)/1000 -> 390 | I68: =IFERROR( SUMIFS('Stock In'!I:I,'Stock In'!C:C,$A68,'Stock In'!D:D,$B68,'Stock In'!E:E,$C68) / SUMIFS('Stock In'!H:H,'Stock In'!C:C,$A68,'Stock In'!D:D,$B68,'Stock In'!E:E,$C68) , 0) -> 48 | J68: =H68*I68 -> 18720
A69: =IFERROR(__xludf.DUMMYFUNCTION("""COMPUTED_VALUE"""),"IML Blow Mould") -> IML Blow Mould | B69: =IFERROR(__xludf.DUMMYFUNCTION("""COMPUTED_VALUE"""),70.0) -> 70 | C69: =IFERROR(__xludf.DUMMYFUNCTION("""COMPUTED_VALUE"""),380.0) -> 380 | D69: =IFERROR(SUMIFS('Stock In'!F:F,'Stock In'!C:C,$A69,'Stock In'!D:D,$B69,'Stock In'!E:E,$C69),0) -> 2000 | E69: =IFERROR(SUMIFS(Issues!H:H,Issues!C:C,$A69,Issues!D:D,$B69,Issues!E:E,$C69),0) -> 0 | F69: =IFERROR(SUMIFS(Returns!H:H,Returns!C:C,$A69,Returns!D:D,$B69,Returns!E:E,$C69),0) -> 0 | G69: =D69-E69+F69 -> 2000 | H69: =($C69*G69)/1000 -> 760 | I69: =IFERROR( SUMIFS('Stock In'!I:I,'Stock In'!C:C,$A69,'Stock In'!D:D,$B69,'Stock In'!E:E,$C69) / SUMIFS('Stock In'!H:H,'Stock In'!C:C,$A69,'Stock In'!D:D,$B69,'Stock In'!E:E,$C69) , 0) -> 48 | J69: =H69*I69 -> 36480
A70: =IFERROR(__xludf.DUMMYFUNCTION("""COMPUTED_VALUE"""),"Void") -> Void | B70: =IFERROR(__xludf.DUMMYFUNCTION("""COMPUTED_VALUE"""),50.0) -> 50 | C70: =IFERROR(__xludf.DUMMYFUNCTION("""COMPUTED_VALUE"""),205.0) -> 205 | D70: =IFERROR(SUMIFS('Stock In'!F:F,'Stock In'!C:C,$A70,'Stock In'!D:D,$B70,'Stock In'!E:E,$C70),0) -> 900 | E70: =IFERROR(SUMIFS(Issues!H:H,Issues!C:C,$A70,Issues!D:D,$B70,Issues!E:E,$C70),0) -> 0 | F70: =IFERROR(SUMIFS(Returns!H:H,Returns!C:C,$A70,Returns!D:D,$B70,Returns!E:E,$C70),0) -> 0 | G70: =D70-E70+F70 -> 900 | H70: =($C70*G70)/1000 -> 184.5 | I70: =IFERROR( SUMIFS('Stock In'!I:I,'Stock In'!C:C,$A70,'Stock In'!D:D,$B70,'Stock In'!E:E,$C70) / SUMIFS('Stock In'!H:H,'Stock In'!C:C,$A70,'Stock In'!D:D,$B70,'Stock In'!E:E,$C70) , 0) -> 165 | J70: =H70*I70 -> 30442.5
A71: =IFERROR(__xludf.DUMMYFUNCTION("""COMPUTED_VALUE"""),"PET MATT") -> PET MATT | B71: =IFERROR(__xludf.DUMMYFUNCTION("""COMPUTED_VALUE"""),125.0) -> 125 | C71: =IFERROR(__xludf.DUMMYFUNCTION("""COMPUTED_VALUE"""),180.0) -> 180 | D71: =IFERROR(SUMIFS('Stock In'!F:F,'Stock In'!C:C,$A71,'Stock In'!D:D,$B71,'Stock In'!E:E,$C71),0) -> 500 | E71: =IFERROR(SUMIFS(Issues!H:H,Issues!C:C,$A71,Issues!D:D,$B71,Issues!E:E,$C71),0) -> 0 | F71: =IFERROR(SUMIFS(Returns!H:H,Returns!C:C,$A71,Returns!D:D,$B71,Returns!E:E,$C71),0) -> 0 | G71: =D71-E71+F71 -> 500 | H71: =($C71*G71)/1000 -> 90 | I71: =IFERROR( SUMIFS('Stock In'!I:I,'Stock In'!C:C,$A71,'Stock In'!D:D,$B71,'Stock In'!E:E,$C71) / SUMIFS('Stock In'!H:H,'Stock In'!C:C,$A71,'Stock In'!D:D,$B71,'Stock In'!E:E,$C71) , 0) -> 47 | J71: =H71*I71 -> 4230
A72: =IFERROR(__xludf.DUMMYFUNCTION("""COMPUTED_VALUE"""),"PET MATT") -> PET MATT | B72: =IFERROR(__xludf.DUMMYFUNCTION("""COMPUTED_VALUE"""),125.0) -> 125 | C72: =IFERROR(__xludf.DUMMYFUNCTION("""COMPUTED_VALUE"""),220.0) -> 220 | D72: =IFERROR(SUMIFS('Stock In'!F:F,'Stock In'!C:C,$A72,'Stock In'!D:D,$B72,'Stock In'!E:E,$C72),0) -> 1200 | E72: =IFERROR(SUMIFS(Issues!H:H,Issues!C:C,$A72,Issues!D:D,$B72,Issues!E:E,$C72),0) -> 0 | F72: =IFERROR(SUMIFS(Returns!H:H,Returns!C:C,$A72,Returns!D:D,$B72,Returns!E:E,$C72),0) -> 0 | G72: =D72-E72+F72 -> 1200 | H72: =($C72*G72)/1000 -> 264 | I72: =IFERROR( SUMIFS('Stock In'!I:I,'Stock In'!C:C,$A72,'Stock In'!D:D,$B72,'Stock In'!E:E,$C72) / SUMIFS('Stock In'!H:H,'Stock In'!C:C,$A72,'Stock In'!D:D,$B72,'Stock In'!E:E,$C72) , 0) -> 47 | J72: =H72*I72 -> 12408
A73: =IFERROR(__xludf.DUMMYFUNCTION("""COMPUTED_VALUE"""),"U- CHROMO 80/60 WGL (HM)") -> U- CHROMO 80/60 WGL (HM) | B73: =IFERROR(__xludf.DUMMYFUNCTION("""COMPUTED_VALUE"""),80.0) -> 80 | C73: =IFERROR(__xludf.DUMMYFUNCTION("""COMPUTED_VALUE"""),334.0) -> 334 | D73: =IFERROR(SUMIFS('Stock In'!F:F,'Stock In'!C:C,$A73,'Stock In'!D:D,$B73,'Stock In'!E:E,$C73),0) -> 1856 | E73: =IFERROR(SUMIFS(Issues!H:H,Issues!C:C,$A73,Issues!D:D,$B73,Issues!E:E,$C73),0) -> 0 | F73: =IFERROR(SUMIFS(Returns!H:H,Returns!C:C,$A73,Returns!D:D,$B73,Returns!E:E,$C73),0) -> 0 | G73: =D73-E73+F73 -> 1856 | H73: =($C73*G73)/1000 -> 619.904 | I73: =IFERROR( SUMIFS('Stock In'!I:I,'Stock In'!C:C,$A73,'Stock In'!D:D,$B73,'Stock In'!E:E,$C73) / SUMIFS('Stock In'!H:H,'Stock In'!C:C,$A73,'Stock In'!D:D,$B73,'Stock In'!E:E,$C73) , 0) -> 25.5 | J73: =H73*I73 -> 15807.552
A74: =IFERROR(__xludf.DUMMYFUNCTION("""COMPUTED_VALUE"""),"Void") -> Void | B74: =IFERROR(__xludf.DUMMYFUNCTION("""COMPUTED_VALUE"""),50.0) -> 50 | C74: =IFERROR(__xludf.DUMMYFUNCTION("""COMPUTED_VALUE"""),125.0) -> 125 | D74: =IFERROR(SUMIFS('Stock In'!F:F,'Stock In'!C:C,$A74,'Stock In'!D:D,$B74,'Stock In'!E:E,$C74),0) -> 3920 | E74: =IFERROR(SUMIFS(Issues!H:H,Issues!C:C,$A74,Issues!D:D,$B74,Issues!E:E,$C74),0) -> 1000 | F74: =IFERROR(SUMIFS(Returns!H:H,Returns!C:C,$A74,Returns!D:D,$B74,Returns!E:E,$C74),0) -> 0 | G74: =D74-E74+F74 -> 2920 | H74: =($C74*G74)/1000 -> 365 | I74: =IFERROR( SUMIFS('Stock In'!I:I,'Stock In'!C:C,$A74,'Stock In'!D:D,$B74,'Stock In'!E:E,$C74) / SUMIFS('Stock In'!H:H,'Stock In'!C:C,$A74,'Stock In'!D:D,$B74,'Stock In'!E:E,$C74) , 0) -> 165 | J74: =H74*I74 -> 60225
A75: =IFERROR(__xludf.DUMMYFUNCTION("""COMPUTED_VALUE"""),"Void") -> Void | B75: =IFERROR(__xludf.DUMMYFUNCTION("""COMPUTED_VALUE"""),50.0) -> 50 | C75: =IFERROR(__xludf.DUMMYFUNCTION("""COMPUTED_VALUE"""),165.0) -> 165 | D75: =IFERROR(SUMIFS('Stock In'!F:F,'Stock In'!C:C,$A75,'Stock In'!D:D,$B75,'Stock In'!E:E,$C75),0) -> 500 | E75: =IFERROR(SUMIFS(Issues!H:H,Issues!C:C,$A75,Issues!D:D,$B75,Issues!E:E,$C75),0) -> 350 | F75: =IFERROR(SUMIFS(Returns!H:H,Returns!C:C,$A75,Returns!D:D,$B75,Returns!E:E,$C75),0) -> 0 | G75: =D75-E75+F75 -> 150 | H75: =($C75*G75)/1000 -> 24.75 | I75: =IFERROR( SUMIFS('Stock In'!I:I,'Stock In'!C:C,$A75,'Stock In'!D:D,$B75,'Stock In'!E:E,$C75) / SUMIFS('Stock In'!H:H,'Stock In'!C:C,$A75,'Stock In'!D:D,$B75,'Stock In'!E:E,$C75) , 0) -> 165 | J75: =H75*I75 -> 4083.75
A76: =IFERROR(__xludf.DUMMYFUNCTION("""COMPUTED_VALUE"""),"SGL Hologram ") -> SGL Hologram | B76: =IFERROR(__xludf.DUMMYFUNCTION("""COMPUTED_VALUE"""),23.0) -> 23 | C76: =IFERROR(__xludf.DUMMYFUNCTION("""COMPUTED_VALUE"""),13.0) -> 13 | D76: =IFERROR(SUMIFS('Stock In'!F:F,'Stock In'!C:C,$A76,'Stock In'!D:D,$B76,'Stock In'!E:E,$C76),0) -> 1530 | E76: =IFERROR(SUMIFS(Issues!H:H,Issues!C:C,$A76,Issues!D:D,$B76,Issues!E:E,$C76),0) -> 0 | F76: =IFERROR(SUMIFS(Returns!H:H,Returns!C:C,$A76,Returns!D:D,$B76,Returns!E:E,$C76),0) -> 0 | G76: =D76-E76+F76 -> 1530 | H76: =($C76*G76)/1000 -> 19.89 | I76: =IFERROR( SUMIFS('Stock In'!I:I,'Stock In'!C:C,$A76,'Stock In'!D:D,$B76,'Stock In'!E:E,$C76) / SUMIFS('Stock In'!H:H,'Stock In'!C:C,$A76,'Stock In'!D:D,$B76,'Stock In'!E:E,$C76) , 0) -> 226 | J76: =H76*I76 -> 4495.14
A77: =IFERROR(__xludf.DUMMYFUNCTION("""COMPUTED_VALUE"""),"SGL Hologram ") -> SGL Hologram | B77: =IFERROR(__xludf.DUMMYFUNCTION("""COMPUTED_VALUE"""),23.0) -> 23 | C77: =IFERROR(__xludf.DUMMYFUNCTION("""COMPUTED_VALUE"""),20.0) -> 20 | D77: =IFERROR(SUMIFS('Stock In'!F:F,'Stock In'!C:C,$A77,'Stock In'!D:D,$B77,'Stock In'!E:E,$C77),0) -> 920 | E77: =IFERROR(SUMIFS(Issues!H:H,Issues!C:C,$A77,Issues!D:D,$B77,Issues!E:E,$C77),0) -> 0 | F77: =IFERROR(SUMIFS(Returns!H:H,Returns!C:C,$A77,Returns!D:D,$B77,Returns!E:E,$C77),0) -> 0 | G77: =D77-E77+F77 -> 920 | H77: =($C77*G77)/1000 -> 18.4 | I77: =IFERROR( SUMIFS('Stock In'!I:I,'Stock In'!C:C,$A77,'Stock In'!D:D,$B77,'Stock In'!E:E,$C77) / SUMIFS('Stock In'!H:H,'Stock In'!C:C,$A77,'Stock In'!D:D,$B77,'Stock In'!E:E,$C77) , 0) -> 280 | J77: =H77*I77 -> 5152
A78: =IFERROR(__xludf.DUMMYFUNCTION("""COMPUTED_VALUE"""),"Blochum Blue Paper Sheet ") -> Blochum Blue Paper Sheet | B78: =IFERROR(__xludf.DUMMYFUNCTION("""COMPUTED_VALUE"""),250.0) -> 250 | C78: =IFERROR(__xludf.DUMMYFUNCTION("""COMPUTED_VALUE"""),0.0) -> 0 | D78: =IFERROR(SUMIFS('Stock In'!F:F,'Stock In'!C:C,$A78,'Stock In'!D:D,$B78,'Stock In'!E:E,$C78),0) -> 0 | E78: =IFERROR(SUMIFS(Issues!H:H,Issues!C:C,$A78,Issues!D:D,$B78,Issues!E:E,$C78),0) -> 0 | F78: =IFERROR(SUMIFS(Returns!H:H,Returns!C:C,$A78,Returns!D:D,$B78,Returns!E:E,$C78),0) -> 0 | G78: =D78-E78+F78 -> 0 | H78: =($C78*G78)/1000 -> 0 | I78: =IFERROR( SUMIFS('Stock In'!I:I,'Stock In'!C:C,$A78,'Stock In'!D:D,$B78,'Stock In'!E:E,$C78) / SUMIFS('Stock In'!H:H,'Stock In'!C:C,$A78,'Stock In'!D:D,$B78,'Stock In'!E:E,$C78) , 0) -> 0 | J78: =H78*I78 -> 0
A79: =IFERROR(__xludf.DUMMYFUNCTION("""COMPUTED_VALUE"""),"PP WHITE") -> PP WHITE | B79: =IFERROR(__xludf.DUMMYFUNCTION("""COMPUTED_VALUE"""),50.0) -> 50 | C79: =IFERROR(__xludf.DUMMYFUNCTION("""COMPUTED_VALUE"""),167.0) -> 167 | D79: =IFERROR(SUMIFS('Stock In'!F:F,'Stock In'!C:C,$A79,'Stock In'!D:D,$B79,'Stock In'!E:E,$C79),0) -> 2000 | E79: =IFERROR(SUMIFS(Issues!H:H,Issues!C:C,$A79,Issues!D:D,$B79,Issues!E:E,$C79),0) -> 2000 | F79: =IFERROR(SUMIFS(Returns!H:H,Returns!C:C,$A79,Returns!D:D,$B79,Returns!E:E,$C79),0) -> 0 | G79: =D79-E79+F79 -> 0 | H79: =($C79*G79)/1000 -> 0 | I79: =IFERROR( SUMIFS('Stock In'!I:I,'Stock In'!C:C,$A79,'Stock In'!D:D,$B79,'Stock In'!E:E,$C79) / SUMIFS('Stock In'!H:H,'Stock In'!C:C,$A79,'Stock In'!D:D,$B79,'Stock In'!E:E,$C79) , 0) -> 35 | J79: =H79*I79 -> 0
A80: =IFERROR(__xludf.DUMMYFUNCTION("""COMPUTED_VALUE"""),"PP WHITE") -> PP WHITE | B80: =IFERROR(__xludf.DUMMYFUNCTION("""COMPUTED_VALUE"""),50.0) -> 50 | C80: =IFERROR(__xludf.DUMMYFUNCTION("""COMPUTED_VALUE"""),160.0) -> 160 | D80: =IFERROR(SUMIFS('Stock In'!F:F,'Stock In'!C:C,$A80,'Stock In'!D:D,$B80,'Stock In'!E:E,$C80),0) -> 8000 | E80: =IFERROR(SUMIFS(Issues!H:H,Issues!C:C,$A80,Issues!D:D,$B80,Issues!E:E,$C80),0) -> 600 | F80: =IFERROR(SUMIFS(Returns!H:H,Returns!C:C,$A80,Returns!D:D,$B80,Returns!E:E,$C80),0) -> 300 | G80: =D80-E80+F80 -> 7700 | H80: =($C80*G80)/1000 -> 1232 | I80: =IFERROR( SUMIFS('Stock In'!I:I,'Stock In'!C:C,$A80,'Stock In'!D:D,$B80,'Stock In'!E:E,$C80) / SUMIFS('Stock In'!H:H,'Stock In'!C:C,$A80,'Stock In'!D:D,$B80,'Stock In'!E:E,$C80) , 0) -> 37 | J80: =H80*I80 -> 45584
A81: =IFERROR(__xludf.DUMMYFUNCTION("""COMPUTED_VALUE"""),"PP WHITE") -> PP WHITE | B81: =IFERROR(__xludf.DUMMYFUNCTION("""COMPUTED_VALUE"""),50.0) -> 50 | C81: =IFERROR(__xludf.DUMMYFUNCTION("""COMPUTED_VALUE"""),100.0) -> 100 | D81: =IFERROR(SUMIFS('Stock In'!F:F,'Stock In'!C:C,$A81,'Stock In'!D:D,$B81,'Stock In'!E:E,$C81),0) -> 19670 | E81: =IFERROR(SUMIFS(Issues!H:H,Issues!C:C,$A81,Issues!D:D,$B81,Issues!E:E,$C81),0) -> 1750 | F81: =IFERROR(SUMIFS(Returns!H:H,Returns!C:C,$A81,Returns!D:D,$B81,Returns!E:E,$C81),0) -> 400 | G81: =D81-E81+F81 -> 18320 | H81: =($C81*G81)/1000 -> 1832 | I81: =IFERROR( SUMIFS('Stock In'!I:I,'Stock In'!C:C,$A81,'Stock In'!D:D,$B81,'Stock In'!E:E,$C81) / SUMIFS('Stock In'!H:H,'Stock In'!C:C,$A81,'Stock In'!D:D,$B81,'Stock In'!E:E,$C81) , 0) -> 41.722156 | J81: =H81*I81 -> 76434.989
A82: =IFERROR(__xludf.DUMMYFUNCTION("""COMPUTED_VALUE"""),"Tape") -> Tape | B82: =IFERROR(__xludf.DUMMYFUNCTION("""COMPUTED_VALUE"""),12.0) -> 12 | C82: =IFERROR(__xludf.DUMMYFUNCTION("""COMPUTED_VALUE"""),72.0) -> 72 | D82: =IFERROR(SUMIFS('Stock In'!F:F,'Stock In'!C:C,$A82,'Stock In'!D:D,$B82,'Stock In'!E:E,$C82),0) -> 6000 | E82: =IFERROR(SUMIFS(Issues!H:H,Issues!C:C,$A82,Issues!D:D,$B82,Issues!E:E,$C82),0) -> 0 | F82: =IFERROR(SUMIFS(Returns!H:H,Returns!C:C,$A82,Returns!D:D,$B82,Returns!E:E,$C82),0) -> 0 | G82: =D82-E82+F82 -> 6000 | H82: =($C82*G82)/1000 -> 432 | I82: =IFERROR( SUMIFS('Stock In'!I:I,'Stock In'!C:C,$A82,'Stock In'!D:D,$B82,'Stock In'!E:E,$C82) / SUMIFS('Stock In'!H:H,'Stock In'!C:C,$A82,'Stock In'!D:D,$B82,'Stock In'!E:E,$C82) , 0) -> 230 | J82: =H82*I82 -> 99360
A83: =IFERROR(__xludf.DUMMYFUNCTION("""COMPUTED_VALUE"""),"PP WHITE") -> PP WHITE | B83: =IFERROR(__xludf.DUMMYFUNCTION("""COMPUTED_VALUE"""),50.0) -> 50 | C83: =IFERROR(__xludf.DUMMYFUNCTION("""COMPUTED_VALUE"""),125.0) -> 125 | D83: =IFERROR(SUMIFS('Stock In'!F:F,'Stock In'!C:C,$A83,'Stock In'!D:D,$B83,'Stock In'!E:E,$C83),0) -> 84253 | E83: =IFERROR(SUMIFS(Issues!H:H,Issues!C:C,$A83,Issues!D:D,$B83,Issues!E:E,$C83),0) -> 72680 | F83: =IFERROR(SUMIFS(Returns!H:H,Returns!C:C,$A83,Returns!D:D,$B83,Returns!E:E,$C83),0) -> 29370 | G83: =D83-E83+F83 -> 40943 | H83: =($C83*G83)/1000 -> 5117.875 | I83: =IFERROR( SUMIFS('Stock In'!I:I,'Stock In'!C:C,$A83,'Stock In'!D:D,$B83,'Stock In'!E:E,$C83) / SUMIFS('Stock In'!H:H,'Stock In'!C:C,$A83,'Stock In'!D:D,$B83,'Stock In'!E:E,$C83) , 0) -> 36.158261 | J83: =H83*I83 -> 185053.46
A84: =IFERROR(__xludf.DUMMYFUNCTION("""COMPUTED_VALUE"""),"PP WHITE") -> PP WHITE | B84: =IFERROR(__xludf.DUMMYFUNCTION("""COMPUTED_VALUE"""),50.0) -> 50 | C84: =IFERROR(__xludf.DUMMYFUNCTION("""COMPUTED_VALUE"""),190.0) -> 190 | D84: =IFERROR(SUMIFS('Stock In'!F:F,'Stock In'!C:C,$A84,'Stock In'!D:D,$B84,'Stock In'!E:E,$C84),0) -> 46201 | E84: =IFERROR(SUMIFS(Issues!H:H,Issues!C:C,$A84,Issues!D:D,$B84,Issues!E:E,$C84),0) -> 5210 | F84: =IFERROR(SUMIFS(Returns!H:H,Returns!C:C,$A84,Returns!D:D,$B84,Returns!E:E,$C84),0) -> 1360 | G84: =D84-E84+F84 -> 42351 | H84: =($C84*G84)/1000 -> 8046.69 | I84: =IFERROR( SUMIFS('Stock In'!I:I,'Stock In'!C:C,$A84,'Stock In'!D:D,$B84,'Stock In'!E:E,$C84) / SUMIFS('Stock In'!H:H,'Stock In'!C:C,$A84,'Stock In'!D:D,$B84,'Stock In'!E:E,$C84) , 0) -> 42.009186 | J84: =H84*I84 -> 338034.9
A85: =IFERROR(__xludf.DUMMYFUNCTION("""COMPUTED_VALUE"""),"SILVER PAPER") -> SILVER PAPER | B85: =IFERROR(__xludf.DUMMYFUNCTION("""COMPUTED_VALUE"""),80.0) -> 80 | C85: =IFERROR(__xludf.DUMMYFUNCTION("""COMPUTED_VALUE"""),167.0) -> 167 | D85: =IFERROR(SUMIFS('Stock In'!F:F,'Stock In'!C:C,$A85,'Stock In'!D:D,$B85,'Stock In'!E:E,$C85),0) -> 12437 | E85: =IFERROR(SUMIFS(Issues!H:H,Issues!C:C,$A85,Issues!D:D,$B85,Issues!E:E,$C85),0) -> 9900 | F85: =IFERROR(SUMIFS(Returns!H:H,Returns!C:C,$A85,Returns!D:D,$B85,Returns!E:E,$C85),0) -> 1450 | G85: =D85-E85+F85 -> 3987 | H85: =($C85*G85)/1000 -> 665.829 | I85: =IFERROR( SUMIFS('Stock In'!I:I,'Stock In'!C:C,$A85,'Stock In'!D:D,$B85,'Stock In'!E:E,$C85) / SUMIFS('Stock In'!H:H,'Stock In'!C:C,$A85,'Stock In'!D:D,$B85,'Stock In'!E:E,$C85) , 0) -> 44.720511 | J85: =H85*I85 -> 29776.213
A86: =IFERROR(__xludf.DUMMYFUNCTION("""COMPUTED_VALUE"""),"Chromo") -> Chromo | B86: =IFERROR(__xludf.DUMMYFUNCTION("""COMPUTED_VALUE"""),80.0) -> 80 | C86: =IFERROR(__xludf.DUMMYFUNCTION("""COMPUTED_VALUE"""),229.0) -> 229 | D86: =IFERROR(SUMIFS('Stock In'!F:F,'Stock In'!C:C,$A86,'Stock In'!D:D,$B86,'Stock In'!E:E,$C86),0) -> 6000 | E86: =IFERROR(SUMIFS(Issues!H:H,Issues!C:C,$A86,Issues!D:D,$B86,Issues!E:E,$C86),0) -> 3980 | F86: =IFERROR(SUMIFS(Returns!H:H,Returns!C:C,$A86,Returns!D:D,$B86,Returns!E:E,$C86),0) -> 2050 | G86: =D86-E86+F86 -> 4070 | H86: =($C86*G86)/1000 -> 932.03 | I86: =IFERROR( SUMIFS('Stock In'!I:I,'Stock In'!C:C,$A86,'Stock In'!D:D,$B86,'Stock In'!E:E,$C86) / SUMIFS('Stock In'!H:H,'Stock In'!C:C,$A86,'Stock In'!D:D,$B86,'Stock In'!E:E,$C86) , 0) -> 28.5 | J86: =H86*I86 -> 26562.855
A87: =IFERROR(__xludf.DUMMYFUNCTION("""COMPUTED_VALUE"""),"Chromo") -> Chromo | B87: =IFERROR(__xludf.DUMMYFUNCTION("""COMPUTED_VALUE"""),80.0) -> 80 | C87: =IFERROR(__xludf.DUMMYFUNCTION("""COMPUTED_VALUE"""),395.0) -> 395 | D87: =IFERROR(SUMIFS('Stock In'!F:F,'Stock In'!C:C,$A87,'Stock In'!D:D,$B87,'Stock In'!E:E,$C87),0) -> 46035 | E87: =IFERROR(SUMIFS(Issues!H:H,Issues!C:C,$A87,Issues!D:D,$B87,Issues!E:E,$C87),0) -> 40530 | F87: =IFERROR(SUMIFS(Returns!H:H,Returns!C:C,$A87,Returns!D:D,$B87,Returns!E:E,$C87),0) -> 5640 | G87: =D87-E87+F87 -> 11145 | H87: =($C87*G87)/1000 -> 4402.275 | I87: =IFERROR( SUMIFS('Stock In'!I:I,'Stock In'!C:C,$A87,'Stock In'!D:D,$B87,'Stock In'!E:E,$C87) / SUMIFS('Stock In'!H:H,'Stock In'!C:C,$A87,'Stock In'!D:D,$B87,'Stock In'!E:E,$C87) , 0) -> 29.181408 | J87: =H87*I87 -> 128464.58
A88: =IFERROR(__xludf.DUMMYFUNCTION("""COMPUTED_VALUE"""),"PP WHITE") -> PP WHITE | B88: =IFERROR(__xludf.DUMMYFUNCTION("""COMPUTED_VALUE"""),50.0) -> 50 | C88: =IFERROR(__xludf.DUMMYFUNCTION("""COMPUTED_VALUE"""),215.0) -> 215 | D88: =IFERROR(SUMIFS('Stock In'!F:F,'Stock In'!C:C,$A88,'Stock In'!D:D,$B88,'Stock In'!E:E,$C88),0) -> 1090 | E88: =IFERROR(SUMIFS(Issues!H:H,Issues!C:C,$A88,Issues!D:D,$B88,Issues!E:E,$C88),0) -> 0 | F88: =IFERROR(SUMIFS(Returns!H:H,Returns!C:C,$A88,Returns!D:D,$B88,Returns!E:E,$C88),0) -> 0 | G88: =D88-E88+F88 -> 1090 | H88: =($C88*G88)/1000 -> 234.35 | I88: =IFERROR( SUMIFS('Stock In'!I:I,'Stock In'!C:C,$A88,'Stock In'!D:D,$B88,'Stock In'!E:E,$C88) / SUMIFS('Stock In'!H:H,'Stock In'!C:C,$A88,'Stock In'!D:D,$B88,'Stock In'!E:E,$C88) , 0) -> 35 | J88: =H88*I88 -> 8202.25
A89: =IFERROR(__xludf.DUMMYFUNCTION("""COMPUTED_VALUE"""),"PP WHITE") -> PP WHITE | B89: =IFERROR(__xludf.DUMMYFUNCTION("""COMPUTED_VALUE"""),50.0) -> 50 | C89: =IFERROR(__xludf.DUMMYFUNCTION("""COMPUTED_VALUE"""),255.0) -> 255 | D89: =IFERROR(SUMIFS('Stock In'!F:F,'Stock In'!C:C,$A89,'Stock In'!D:D,$B89,'Stock In'!E:E,$C89),0) -> 1000 | E89: =IFERROR(SUMIFS(Issues!H:H,Issues!C:C,$A89,Issues!D:D,$B89,Issues!E:E,$C89),0) -> 0 | F89: =IFERROR(SUMIFS(Returns!H:H,Returns!C:C,$A89,Returns!D:D,$B89,Returns!E:E,$C89),0) -> 0 | G89: =D89-E89+F89 -> 1000 | H89: =($C89*G89)/1000 -> 255 | I89: =IFERROR( SUMIFS('Stock In'!I:I,'Stock In'!C:C,$A89,'Stock In'!D:D,$B89,'Stock In'!E:E,$C89) / SUMIFS('Stock In'!H:H,'Stock In'!C:C,$A89,'Stock In'!D:D,$B89,'Stock In'!E:E,$C89) , 0) -> 35 | J89: =H89*I89 -> 8925
A90: =IFERROR(__xludf.DUMMYFUNCTION("""COMPUTED_VALUE"""),"SILVER PAPER") -> SILVER PAPER | B90: =IFERROR(__xludf.DUMMYFUNCTION("""COMPUTED_VALUE"""),80.0) -> 80 | C90: =IFERROR(__xludf.DUMMYFUNCTION("""COMPUTED_VALUE"""),145.0) -> 145 | D90: =IFERROR(SUMIFS('Stock In'!F:F,'Stock In'!C:C,$A90,'Stock In'!D:D,$B90,'Stock In'!E:E,$C90),0) -> 2000 | E90: =IFERROR(SUMIFS(Issues!H:H,Issues!C:C,$A90,Issues!D:D,$B90,Issues!E:E,$C90),0) -> 2000 | F90: =IFERROR(SUMIFS(Returns!H:H,Returns!C:C,$A90,Returns!D:D,$B90,Returns!E:E,$C90),0) -> 150 | G90: =D90-E90+F90 -> 150 | H90: =($C90*G90)/1000 -> 21.75 | I90: =IFERROR( SUMIFS('Stock In'!I:I,'Stock In'!C:C,$A90,'Stock In'!D:D,$B90,'Stock In'!E:E,$C90) / SUMIFS('Stock In'!H:H,'Stock In'!C:C,$A90,'Stock In'!D:D,$B90,'Stock In'!E:E,$C90) , 0) -> 39 | J90: =H90*I90 -> 848.25
A91: =IFERROR(__xludf.DUMMYFUNCTION("""COMPUTED_VALUE"""),"SILVER PAPER") -> SILVER PAPER | B91: =IFERROR(__xludf.DUMMYFUNCTION("""COMPUTED_VALUE"""),80.0) -> 80 | C91: =IFERROR(__xludf.DUMMYFUNCTION("""COMPUTED_VALUE"""),230.0) -> 230 | D91: =IFERROR(SUMIFS('Stock In'!F:F,'Stock In'!C:C,$A91,'Stock In'!D:D,$B91,'Stock In'!E:E,$C91),0) -> 1000 | E91: =IFERROR(SUMIFS(Issues!H:H,Issues!C:C,$A91,Issues!D:D,$B91,Issues!E:E,$C91),0) -> 1000 | F91: =IFERROR(SUMIFS(Returns!H:H,Returns!C:C,$A91,Returns!D:D,$B91,Returns!E:E,$C91),0) -> 0 | G91: =D91-E91+F91 -> 0 | H91: =($C91*G91)/1000 -> 0 | I91: =IFERROR( SUMIFS('Stock In'!I:I,'Stock In'!C:C,$A91,'Stock In'!D:D,$B91,'Stock In'!E:E,$C91) / SUMIFS('Stock In'!H:H,'Stock In'!C:C,$A91,'Stock In'!D:D,$B91,'Stock In'!E:E,$C91) , 0) -> 39 | J91: =H91*I91 -> 0
A92: =IFERROR(__xludf.DUMMYFUNCTION("""COMPUTED_VALUE"""),"SILVER PAPER") -> SILVER PAPER | B92: =IFERROR(__xludf.DUMMYFUNCTION("""COMPUTED_VALUE"""),80.0) -> 80 | C92: =IFERROR(__xludf.DUMMYFUNCTION("""COMPUTED_VALUE"""),135.0) -> 135 | D92: =IFERROR(SUMIFS('Stock In'!F:F,'Stock In'!C:C,$A92,'Stock In'!D:D,$B92,'Stock In'!E:E,$C92),0) -> 2020 | E92: =IFERROR(SUMIFS(Issues!H:H,Issues!C:C,$A92,Issues!D:D,$B92,Issues!E:E,$C92),0) -> 2500 | F92: =IFERROR(SUMIFS(Returns!H:H,Returns!C:C,$A92,Returns!D:D,$B92,Returns!E:E,$C92),0) -> 860 | G92: =D92-E92+F92 -> 380 | H92: =($C92*G92)/1000 -> 51.3 | I92: =IFERROR( SUMIFS('Stock In'!I:I,'Stock In'!C:C,$A92,'Stock In'!D:D,$B92,'Stock In'!E:E,$C92) / SUMIFS('Stock In'!H:H,'Stock In'!C:C,$A92,'Stock In'!D:D,$B92,'Stock In'!E:E,$C92) , 0) -> 39 | J92: =H92*I92 -> 2000.7
A93: =IFERROR(__xludf.DUMMYFUNCTION("""COMPUTED_VALUE"""),"PP SILVER") -> PP SILVER | B93: =IFERROR(__xludf.DUMMYFUNCTION("""COMPUTED_VALUE"""),50.0) -> 50 | C93: =IFERROR(__xludf.DUMMYFUNCTION("""COMPUTED_VALUE"""),148.0) -> 148 | D93: =IFERROR(SUMIFS('Stock In'!F:F,'Stock In'!C:C,$A93,'Stock In'!D:D,$B93,'Stock In'!E:E,$C93),0) -> 1820 | E93: =IFERROR(SUMIFS(Issues!H:H,Issues!C:C,$A93,Issues!D:D,$B93,Issues!E:E,$C93),0) -> 1500 | F93: =IFERROR(SUMIFS(Returns!H:H,Returns!C:C,$A93,Returns!D:D,$B93,Returns!E:E,$C93),0) -> 200 | G93: =D93-E93+F93 -> 520 | H93: =($C93*G93)/1000 -> 76.96 | I93: =IFERROR( SUMIFS('Stock In'!I:I,'Stock In'!C:C,$A93,'Stock In'!D:D,$B93,'Stock In'!E:E,$C93) / SUMIFS('Stock In'!H:H,'Stock In'!C:C,$A93,'Stock In'!D:D,$B93,'Stock In'!E:E,$C93) , 0) -> 36 | J93: =H93*I93 -> 2770.56
A94: =IFERROR(__xludf.DUMMYFUNCTION("""COMPUTED_VALUE"""),"PP WHITE") -> PP WHITE | B94: =IFERROR(__xludf.DUMMYFUNCTION("""COMPUTED_VALUE"""),50.0) -> 50 | C94: =IFERROR(__xludf.DUMMYFUNCTION("""COMPUTED_VALUE"""),110.0) -> 110 | D94: =IFERROR(SUMIFS('Stock In'!F:F,'Stock In'!C:C,$A94,'Stock In'!D:D,$B94,'Stock In'!E:E,$C94),0) -> 98080 | E94: =IFERROR(SUMIFS(Issues!H:H,Issues!C:C,$A94,Issues!D:D,$B94,Issues!E:E,$C94),0) -> 8610 | F94: =IFERROR(SUMIFS(Returns!H:H,Returns!C:C,$A94,Returns!D:D,$B94,Returns!E:E,$C94),0) -> 1000 | G94: =D94-E94+F94 -> 90470 | H94: =($C94*G94)/1000 -> 9951.7 | I94: =IFERROR( SUMIFS('Stock In'!I:I,'Stock In'!C:C,$A94,'Stock In'!D:D,$B94,'Stock In'!E:E,$C94) / SUMIFS('Stock In'!H:H,'Stock In'!C:C,$A94,'Stock In'!D:D,$B94,'Stock In'!E:E,$C94) , 0) -> 35.220065 | J94: =H94*I94 -> 350499.52
A95: =IFERROR(__xludf.DUMMYFUNCTION("""COMPUTED_VALUE"""),"Chromo") -> Chromo | B95: =IFERROR(__xludf.DUMMYFUNCTION("""COMPUTED_VALUE"""),80.0) -> 80 | C95: =IFERROR(__xludf.DUMMYFUNCTION("""COMPUTED_VALUE"""),225.0) -> 225 | D95: =IFERROR(SUMIFS('Stock In'!F:F,'Stock In'!C:C,$A95,'Stock In'!D:D,$B95,'Stock In'!E:E,$C95),0) -> 34000 | E95: =IFERROR(SUMIFS(Issues!H:H,Issues!C:C,$A95,Issues!D:D,$B95,Issues!E:E,$C95),0) -> 44500 | F95: =IFERROR(SUMIFS(Returns!H:H,Returns!C:C,$A95,Returns!D:D,$B95,Returns!E:E,$C95),0) -> 2050 | G95: =D95-E95+F95 -> -8450 | H95: =($C95*G95)/1000 -> -1901.25 | I95: =IFERROR( SUMIFS('Stock In'!I:I,'Stock In'!C:C,$A95,'Stock In'!D:D,$B95,'Stock In'!E:E,$C95) / SUMIFS('Stock In'!H:H,'Stock In'!C:C,$A95,'Stock In'!D:D,$B95,'Stock In'!E:E,$C95) , 0) -> 28.5 | J95: =H95*I95 -> -54185.625
A96: =IFERROR(__xludf.DUMMYFUNCTION("""COMPUTED_VALUE"""),"SILVER PAPER") -> SILVER PAPER | B96: =IFERROR(__xludf.DUMMYFUNCTION("""COMPUTED_VALUE"""),80.0) -> 80 | C96: =IFERROR(__xludf.DUMMYFUNCTION("""COMPUTED_VALUE"""),210.0) -> 210 | D96: =IFERROR(SUMIFS('Stock In'!F:F,'Stock In'!C:C,$A96,'Stock In'!D:D,$B96,'Stock In'!E:E,$C96),0) -> 11760 | E96: =IFERROR(SUMIFS(Issues!H:H,Issues!C:C,$A96,Issues!D:D,$B96,Issues!E:E,$C96),0) -> 13960 | F96: =IFERROR(SUMIFS(Returns!H:H,Returns!C:C,$A96,Returns!D:D,$B96,Returns!E:E,$C96),0) -> 2070 | G96: =D96-E96+F96 -> -130 | H96: =($C96*G96)/1000 -> -27.3 | I96: =IFERROR( SUMIFS('Stock In'!I:I,'Stock In'!C:C,$A96,'Stock In'!D:D,$B96,'Stock In'!E:E,$C96) / SUMIFS('Stock In'!H:H,'Stock In'!C:C,$A96,'Stock In'!D:D,$B96,'Stock In'!E:E,$C96) , 0) -> 39.578316 | J96: =H96*I96 -> -1080.488
A97: =IFERROR(__xludf.DUMMYFUNCTION("""COMPUTED_VALUE"""),"SILVER PAPER") -> SILVER PAPER | B97: =IFERROR(__xludf.DUMMYFUNCTION("""COMPUTED_VALUE"""),80.0) -> 80 | C97: =IFERROR(__xludf.DUMMYFUNCTION("""COMPUTED_VALUE"""),126.0) -> 126 | D97: =IFERROR(SUMIFS('Stock In'!F:F,'Stock In'!C:C,$A97,'Stock In'!D:D,$B97,'Stock In'!E:E,$C97),0) -> 5040 | E97: =IFERROR(SUMIFS(Issues!H:H,Issues!C:C,$A97,Issues!D:D,$B97,Issues!E:E,$C97),0) -> 5040 | F97: =IFERROR(SUMIFS(Returns!H:H,Returns!C:C,$A97,Returns!D:D,$B97,Returns!E:E,$C97),0) -> 300 | G97: =D97-E97+F97 -> 300 | H97: =($C97*G97)/1000 -> 37.8 | I97: =IFERROR( SUMIFS('Stock In'!I:I,'Stock In'!C:C,$A97,'Stock In'!D:D,$B97,'Stock In'!E:E,$C97) / SUMIFS('Stock In'!H:H,'Stock In'!C:C,$A97,'Stock In'!D:D,$B97,'Stock In'!E:E,$C97) , 0) -> 43.85 | J97: =H97*I97 -> 1657.53
A98: =IFERROR(__xludf.DUMMYFUNCTION("""COMPUTED_VALUE"""),"SILVER PAPER") -> SILVER PAPER | B98: =IFERROR(__xludf.DUMMYFUNCTION("""COMPUTED_VALUE"""),80.0) -> 80 | C98: =IFERROR(__xludf.DUMMYFUNCTION("""COMPUTED_VALUE"""),185.0) -> 185 | D98: =IFERROR(SUMIFS('Stock In'!F:F,'Stock In'!C:C,$A98,'Stock In'!D:D,$B98,'Stock In'!E:E,$C98),0) -> 8540 | E98: =IFERROR(SUMIFS(Issues!H:H,Issues!C:C,$A98,Issues!D:D,$B98,Issues!E:E,$C98),0) -> 3000 | F98: =IFERROR(SUMIFS(Returns!H:H,Returns!C:C,$A98,Returns!D:D,$B98,Returns!E:E,$C98),0) -> 0 | G98: =D98-E98+F98 -> 5540 | H98: =($C98*G98)/1000 -> 1024.9 | I98: =IFERROR( SUMIFS('Stock In'!I:I,'Stock In'!C:C,$A98,'Stock In'!D:D,$B98,'Stock In'!E:E,$C98) / SUMIFS('Stock In'!H:H,'Stock In'!C:C,$A98,'Stock In'!D:D,$B98,'Stock In'!E:E,$C98) , 0) -> 33.567916 | J98: =H98*I98 -> 34403.757
A99: =IFERROR(__xludf.DUMMYFUNCTION("""COMPUTED_VALUE"""),"SILVER PAPER") -> SILVER PAPER | B99: =IFERROR(__xludf.DUMMYFUNCTION("""COMPUTED_VALUE"""),80.0) -> 80 | C99: =IFERROR(__xludf.DUMMYFUNCTION("""COMPUTED_VALUE"""),130.0) -> 130 | D99: =IFERROR(SUMIFS('Stock In'!F:F,'Stock In'!C:C,$A99,'Stock In'!D:D,$B99,'Stock In'!E:E,$C99),0) -> 1500 | E99: =IFERROR(SUMIFS(Issues!H:H,Issues!C:C,$A99,Issues!D:D,$B99,Issues!E:E,$C99),0) -> 1500 | F99: =IFERROR(SUMIFS(Returns!H:H,Returns!C:C,$A99,Returns!D:D,$B99,Returns!E:E,$C99),0) -> 650 | G99: =D99-E99+F99 -> 650 | H99: =($C99*G99)/1000 -> 84.5 | I99: =IFERROR( SUMIFS('Stock In'!I:I,'Stock In'!C:C,$A99,'Stock In'!D:D,$B99,'Stock In'!E:E,$C99) / SUMIFS('Stock In'!H:H,'Stock In'!C:C,$A99,'Stock In'!D:D,$B99,'Stock In'!E:E,$C99) , 0) -> 43.85 | J99: =H99*I99 -> 3705.325
A100: =IFERROR(__xludf.DUMMYFUNCTION("""COMPUTED_VALUE"""),"PP WHITE") -> PP WHITE | B100: =IFERROR(__xludf.DUMMYFUNCTION("""COMPUTED_VALUE"""),50.0) -> 50 | C100: =IFERROR(__xludf.DUMMYFUNCTION("""COMPUTED_VALUE"""),140.0) -> 140 | D100: =IFERROR(SUMIFS('Stock In'!F:F,'Stock In'!C:C,$A100,'Stock In'!D:D,$B100,'Stock In'!E:E,$C100),0) -> 3610 | E100: =IFERROR(SUMIFS(Issues!H:H,Issues!C:C,$A100,Issues!D:D,$B100,Issues!E:E,$C100),0) -> 0 | F100: =IFERROR(SUMIFS(Returns!H:H,Returns!C:C,$A100,Returns!D:D,$B100,Returns!E:E,$C100),0) -> 0 | G100: =D100-E100+F100 -> 3610 | H100: =($C100*G100)/1000 -> 505.4 | I100: =IFERROR( SUMIFS('Stock In'!I:I,'Stock In'!C:C,$A100,'Stock In'!D:D,$B100,'Stock In'!E:E,$C100) / SUMIFS('Stock In'!H:H,'Stock In'!C:C,$A100,'Stock In'!D:D,$B100,'Stock In'!E:E,$C100) , 0) -> 36.67036 | J100: =H100*I100 -> 18533.2
...

Sheet Vendor Balance
A1: Client | B1: Material | C1: GSM/Micron | D1: Web Size (mm) | E1: RMT In | F1: RMT Issued | G1: RMT Returned | H1: RMT On‑Hand | I1: Sq. Mtr On‑Hand | J1: Avg Rate | K1: Stock Value
A2: =IFERROR(__xludf.DUMMYFUNCTION("SORT(UNIQUE(FILTER({'Stock In'!B:B,'Stock In'!C:E}, ROW('Stock In'!C:C)<>1, 'Stock In'!C:C<>"""")), 1, TRUE, 2, TRUE, 4, TRUE)"),"Allied") -> Allied | B2: =IFERROR(__xludf.DUMMYFUNCTION("""COMPUTED_VALUE"""),"Chromo") -> Chromo | C2: =IFERROR(__xludf.DUMMYFUNCTION("""COMPUTED_VALUE"""),80.0) -> 80 | D2: =IFERROR(__xludf.DUMMYFUNCTION("""COMPUTED_VALUE"""),210.0) -> 210 | E2: =IFERROR(SUMIFS('Stock In'!F:F,'Stock In'!B:B,$A2,'Stock In'!C:C,$B2,'Stock In'!D:D,$C2,'Stock In'!E:E,$D2),0) -> 6200 | F2: =IFERROR(SUMIFS(Issues!H:H, Issues!F:F, $A2, Issues!C:C, $B2, Issues!D:D, $C2, Issues!E:E, $D2), 0) -> 5880 | G2: =IFERROR(SUMIFS(Returns!H:H, Returns!F:F, $A2, Returns!C:C, $B2, Returns!D:D, $C2, Returns!E:E, $D2), 0) -> 550 | H2: =E2-F2+G2 -> 870 | I2: =($D2*H2)/1000 -> 182.7 | J2: =IFERROR( SUMIFS('Stock In'!I:I,'Stock In'!B:B,$A2,'Stock In'!C:C,$B2,'Stock In'!D:D,$C2,'Stock In'!E:E,$D2) / SUMIFS('Stock In'!H:H,'Stock In'!B:B,$A2,'Stock In'!C:C,$B2,'Stock In'!D:D,$C2,'Stock In'!E:E,$D2), 0) -> 27 | K2: =I2*J2 -> 4932.9
A3: =IFERROR(__xludf.DUMMYFUNCTION("""COMPUTED_VALUE"""),"Allied") -> Allied | B3: =IFERROR(__xludf.DUMMYFUNCTION("""COMPUTED_VALUE"""),"PP CLEAR") -> PP CLEAR | C3: =IFERROR(__xludf.DUMMYFUNCTION("""COMPUTED_VALUE"""),50.0) -> 50 | D3: =IFERROR(__xludf.DUMMYFUNCTION("""COMPUTED_VALUE"""),90.0) -> 90 | E3: =IFERROR(SUMIFS('Stock In'!F:F,'Stock In'!B:B,$A3,'Stock In'!C:C,$B3,'Stock In'!D:D,$C3,'Stock In'!E:E,$D3),0) -> 80640 | F3: =IFERROR(SUMIFS(Issues!H:H, Issues!F:F, $A3, Issues!C:C, $B3, Issues!D:D, $C3, Issues!E:E, $D3), 0) -> 0 | G3: =IFERROR(SUMIFS(Returns!H:H, Returns!F:F, $A3, Returns!C:C, $B3, Returns!D:D, $C3, Returns!E:E, $D3), 0) -> 0 | H3: =E3-F3+G3 -> 80640 | I3: =($D3*H3)/1000 -> 7257.6 | J3: =IFERROR( SUMIFS('Stock In'!I:I,'Stock In'!B:B,$A3,'Stock In'!C:C,$B3,'Stock In'!D:D,$C3,'Stock In'!E:E,$D3) / SUMIFS('Stock In'!H:H,'Stock In'!B:B,$A3,'Stock In'!C:C,$B3,'Stock In'!D:D,$C3,'Stock In'!E:E,$D3), 0) -> 34.5 | K3: =I3*J3 -> 250387.2
A4: =IFERROR(__xludf.DUMMYFUNCTION("""COMPUTED_VALUE"""),"Allied") -> Allied | B4: =IFERROR(__xludf.DUMMYFUNCTION("""COMPUTED_VALUE"""),"PP CLEAR") -> PP CLEAR | C4: =IFERROR(__xludf.DUMMYFUNCTION("""COMPUTED_VALUE"""),50.0) -> 50 | D4: =IFERROR(__xludf.DUMMYFUNCTION("""COMPUTED_VALUE"""),91.0) -> 91 | E4: =IFERROR(SUMIFS('Stock In'!F:F,'Stock In'!B:B,$A4,'Stock In'!C:C,$B4,'Stock In'!D:D,$C4,'Stock In'!E:E,$D4),0) -> 12080 | F4: =IFERROR(SUMIFS(Issues!H:H, Issues!F:F, $A4, Issues!C:C, $B4, Issues!D:D, $C4, Issues!E:E, $D4), 0) -> 0 | G4: =IFERROR(SUMIFS(Returns!H:H, Returns!F:F, $A4, Returns!C:C, $B4, Returns!D:D, $C4, Returns!E:E, $D4), 0) -> 0 | H4: =E4-F4+G4 -> 12080 | I4: =($D4*H4)/1000 -> 1099.28 | J4: =IFERROR( SUMIFS('Stock In'!I:I,'Stock In'!B:B,$A4,'Stock In'!C:C,$B4,'Stock In'!D:D,$C4,'Stock In'!E:E,$D4) / SUMIFS('Stock In'!H:H,'Stock In'!B:B,$A4,'Stock In'!C:C,$B4,'Stock In'!D:D,$C4,'Stock In'!E:E,$D4), 0) -> 34.5 | K4: =I4*J4 -> 37925.16
A5: =IFERROR(__xludf.DUMMYFUNCTION("""COMPUTED_VALUE"""),"Allied") -> Allied | B5: =IFERROR(__xludf.DUMMYFUNCTION("""COMPUTED_VALUE"""),"PP CLEAR") -> PP CLEAR | C5: =IFERROR(__xludf.DUMMYFUNCTION("""COMPUTED_VALUE"""),50.0) -> 50 | D5: =IFERROR(__xludf.DUMMYFUNCTION("""COMPUTED_VALUE"""),180.0) -> 180 | E5: =IFERROR(SUMIFS('Stock In'!F:F,'Stock In'!B:B,$A5,'Stock In'!C:C,$B5,'Stock In'!D:D,$C5,'Stock In'!E:E,$D5),0) -> 21640 | F5: =IFERROR(SUMIFS(Issues!H:H, Issues!F:F, $A5, Issues!C:C, $B5, Issues!D:D, $C5, Issues!E:E, $D5), 0) -> 0 | G5: =IFERROR(SUMIFS(Returns!H:H, Returns!F:F, $A5, Returns!C:C, $B5, Returns!D:D, $C5, Returns!E:E, $D5), 0) -> 0 | H5: =E5-F5+G5 -> 21640 | I5: =($D5*H5)/1000 -> 3895.2 | J5: =IFERROR( SUMIFS('Stock In'!I:I,'Stock In'!B:B,$A5,'Stock In'!C:C,$B5,'Stock In'!D:D,$C5,'Stock In'!E:E,$D5) / SUMIFS('Stock In'!H:H,'Stock In'!B:B,$A5,'Stock In'!C:C,$B5,'Stock In'!D:D,$C5,'Stock In'!E:E,$D5), 0) -> 34.450092 | K5: =I5*J5 -> 134190
A6: =IFERROR(__xludf.DUMMYFUNCTION("""COMPUTED_VALUE"""),"Allied") -> Allied | B6: =IFERROR(__xludf.DUMMYFUNCTION("""COMPUTED_VALUE"""),"PP CLEAR") -> PP CLEAR | C6: =IFERROR(__xludf.DUMMYFUNCTION("""COMPUTED_VALUE"""),80.0) -> 80 | D6: =IFERROR(__xludf.DUMMYFUNCTION("""COMPUTED_VALUE"""),180.0) -> 180 | E6: =IFERROR(SUMIFS('Stock In'!F:F,'Stock In'!B:B,$A6,'Stock In'!C:C,$B6,'Stock In'!D:D,$C6,'Stock In'!E:E,$D6),0) -> 29600 | F6: =IFERROR(SUMIFS(Issues!H:H, Issues!F:F, $A6, Issues!C:C, $B6, Issues!D:D, $C6, Issues!E:E, $D6), 0) -> 0 | G6: =IFERROR(SUMIFS(Returns!H:H, Returns!F:F, $A6, Returns!C:C, $B6, Returns!D:D, $C6, Returns!E:E, $D6), 0) -> 0 | H6: =E6-F6+G6 -> 29600 | I6: =($D6*H6)/1000 -> 5328 | J6: =IFERROR( SUMIFS('Stock In'!I:I,'Stock In'!B:B,$A6,'Stock In'!C:C,$B6,'Stock In'!D:D,$C6,'Stock In'!E:E,$D6) / SUMIFS('Stock In'!H:H,'Stock In'!B:B,$A6,'Stock In'!C:C,$B6,'Stock In'!D:D,$C6,'Stock In'!E:E,$D6), 0) -> 34.5 | K6: =I6*J6 -> 183816
A7: =IFERROR(__xludf.DUMMYFUNCTION("""COMPUTED_VALUE"""),"Allied") -> Allied | B7: =IFERROR(__xludf.DUMMYFUNCTION("""COMPUTED_VALUE"""),"PP CLEAR") -> PP CLEAR | C7: =IFERROR(__xludf.DUMMYFUNCTION("""COMPUTED_VALUE"""),50.0) -> 50 | D7: =IFERROR(__xludf.DUMMYFUNCTION("""COMPUTED_VALUE"""),195.0) -> 195 | E7: =IFERROR(SUMIFS('Stock In'!F:F,'Stock In'!B:B,$A7,'Stock In'!C:C,$B7,'Stock In'!D:D,$C7,'Stock In'!E:E,$D7),0) -> 500 | F7: =IFERROR(SUMIFS(Issues!H:H, Issues!F:F, $A7, Issues!C:C, $B7, Issues!D:D, $C7, Issues!E:E, $D7), 0) -> 500 | G7: =IFERROR(SUMIFS(Returns!H:H, Returns!F:F, $A7, Returns!C:C, $B7, Returns!D:D, $C7, Returns!E:E, $D7), 0) -> 0 | H7: =E7-F7+G7 -> 0 | I7: =($D7*H7)/1000 -> 0 | J7: =IFERROR( SUMIFS('Stock In'!I:I,'Stock In'!B:B,$A7,'Stock In'!C:C,$B7,'Stock In'!D:D,$C7,'Stock In'!E:E,$D7) / SUMIFS('Stock In'!H:H,'Stock In'!B:B,$A7,'Stock In'!C:C,$B7,'Stock In'!D:D,$C7,'Stock In'!E:E,$D7), 0) -> 34.5 | K7: =I7*J7 -> 0
A8: =IFERROR(__xludf.DUMMYFUNCTION("""COMPUTED_VALUE"""),"Allied") -> Allied | B8: =IFERROR(__xludf.DUMMYFUNCTION("""COMPUTED_VALUE"""),"PP CLEAR") -> PP CLEAR | C8: =IFERROR(__xludf.DUMMYFUNCTION("""COMPUTED_VALUE"""),50.0) -> 50 | D8: =IFERROR(__xludf.DUMMYFUNCTION("""COMPUTED_VALUE"""),280.0) -> 280 | E8: =IFERROR(SUMIFS('Stock In'!F:F,'Stock In'!B:B,$A8,'Stock In'!C:C,$B8,'Stock In'!D:D,$C8,'Stock In'!E:E,$D8),0) -> 3200 | F8: =IFERROR(SUMIFS(Issues!H:H, Issues!F:F, $A8, Issues!C:C, $B8, Issues!D:D, $C8, Issues!E:E, $D8), 0) -> 0 | G8: =IFERROR(SUMIFS(Returns!H:H, Returns!F:F, $A8, Returns!C:C, $B8, Returns!D:D, $C8, Returns!E:E, $D8), 0) -> 0 | H8: =E8-F8+G8 -> 3200 | I8: =($D8*H8)/1000 -> 896 | J8: =IFERROR( SUMIFS('Stock In'!I:I,'Stock In'!B:B,$A8,'Stock In'!C:C,$B8,'Stock In'!D:D,$C8,'Stock In'!E:E,$D8) / SUMIFS('Stock In'!H:H,'Stock In'!B:B,$A8,'Stock In'!C:C,$B8,'Stock In'!D:D,$C8,'Stock In'!E:E,$D8), 0) -> 34 | K8: =I8*J8 -> 30464
A9: =IFERROR(__xludf.DUMMYFUNCTION("""COMPUTED_VALUE"""),"Allied") -> Allied | B9: =IFERROR(__xludf.DUMMYFUNCTION("""COMPUTED_VALUE"""),"PP CLEAR") -> PP CLEAR | C9: =IFERROR(__xludf.DUMMYFUNCTION("""COMPUTED_VALUE"""),50.0) -> 50 | D9: =IFERROR(__xludf.DUMMYFUNCTION("""COMPUTED_VALUE"""),295.0) -> 295 | E9: =IFERROR(SUMIFS('Stock In'!F:F,'Stock In'!B:B,$A9,'Stock In'!C:C,$B9,'Stock In'!D:D,$C9,'Stock In'!E:E,$D9),0) -> 740 | F9: =IFERROR(SUMIFS(Issues!H:H, Issues!F:F, $A9, Issues!C:C, $B9, Issues!D:D, $C9, Issues!E:E, $D9), 0) -> 0 | G9: =IFERROR(SUMIFS(Returns!H:H, Returns!F:F, $A9, Returns!C:C, $B9, Returns!D:D, $C9, Returns!E:E, $D9), 0) -> 0 | H9: =E9-F9+G9 -> 740 | I9: =($D9*H9)/1000 -> 218.3 | J9: =IFERROR( SUMIFS('Stock In'!I:I,'Stock In'!B:B,$A9,'Stock In'!C:C,$B9,'Stock In'!D:D,$C9,'Stock In'!E:E,$D9) / SUMIFS('Stock In'!H:H,'Stock In'!B:B,$A9,'Stock In'!C:C,$B9,'Stock In'!D:D,$C9,'Stock In'!E:E,$D9), 0) -> 34.5 | K9: =I9*J9 -> 7531.35
A10: =IFERROR(__xludf.DUMMYFUNCTION("""COMPUTED_VALUE"""),"Allied") -> Allied | B10: =IFERROR(__xludf.DUMMYFUNCTION("""COMPUTED_VALUE"""),"PP CLEAR") -> PP CLEAR | C10: =IFERROR(__xludf.DUMMYFUNCTION("""COMPUTED_VALUE"""),50.0) -> 50 | D10: =IFERROR(__xludf.DUMMYFUNCTION("""COMPUTED_VALUE"""),330.0) -> 330 | E10: =IFERROR(SUMIFS('Stock In'!F:F,'Stock In'!B:B,$A10,'Stock In'!C:C,$B10,'Stock In'!D:D,$C10,'Stock In'!E:E,$D10),0) -> 3000 | F10: =IFERROR(SUMIFS(Issues!H:H, Issues!F:F, $A10, Issues!C:C, $B10, Issues!D:D, $C10, Issues!E:E, $D10), 0) -> 2000 | G10: =IFERROR(SUMIFS(Returns!H:H, Returns!F:F, $A10, Returns!C:C, $B10, Returns!D:D, $C10, Returns!E:E, $D10), 0) -> 330 | H10: =E10-F10+G10 -> 1330 | I10: =($D10*H10)/1000 -> 438.9 | J10: =IFERROR( SUMIFS('Stock In'!I:I,'Stock In'!B:B,$A10,'Stock In'!C:C,$B10,'Stock In'!D:D,$C10,'Stock In'!E:E,$D10) / SUMIFS('Stock In'!H:H,'Stock In'!B:B,$A10,'Stock In'!C:C,$B10,'Stock In'!D:D,$C10,'Stock In'!E:E,$D10), 0) -> 34.5 | K10: =I10*J10 -> 15142.05
A11: =IFERROR(__xludf.DUMMYFUNCTION("""COMPUTED_VALUE"""),"Allied") -> Allied | B11: =IFERROR(__xludf.DUMMYFUNCTION("""COMPUTED_VALUE"""),"PP SILVER") -> PP SILVER | C11: =IFERROR(__xludf.DUMMYFUNCTION("""COMPUTED_VALUE"""),50.0) -> 50 | D11: =IFERROR(__xludf.DUMMYFUNCTION("""COMPUTED_VALUE"""),148.0) -> 148 | E11: =IFERROR(SUMIFS('Stock In'!F:F,'Stock In'!B:B,$A11,'Stock In'!C:C,$B11,'Stock In'!D:D,$C11,'Stock In'!E:E,$D11),0) -> 1820 | F11: =IFERROR(SUMIFS(Issues!H:H, Issues!F:F, $A11, Issues!C:C, $B11, Issues!D:D, $C11, Issues!E:E, $D11), 0) -> 0 | G11: =IFERROR(SUMIFS(Returns!H:H, Returns!F:F, $A11, Returns!C:C, $B11, Returns!D:D, $C11, Returns!E:E, $D11), 0) -> 0 | H11: =E11-F11+G11 -> 1820 | I11: =($D11*H11)/1000 -> 269.36 | J11: =IFERROR( SUMIFS('Stock In'!I:I,'Stock In'!B:B,$A11,'Stock In'!C:C,$B11,'Stock In'!D:D,$C11,'Stock In'!E:E,$D11) / SUMIFS('Stock In'!H:H,'Stock In'!B:B,$A11,'Stock In'!C:C,$B11,'Stock In'!D:D,$C11,'Stock In'!E:E,$D11), 0) -> 36 | K11: =I11*J11 -> 9696.96
A12: =IFERROR(__xludf.DUMMYFUNCTION("""COMPUTED_VALUE"""),"Allied") -> Allied | B12: =IFERROR(__xludf.DUMMYFUNCTION("""COMPUTED_VALUE"""),"PP WHITE") -> PP WHITE | C12: =IFERROR(__xludf.DUMMYFUNCTION("""COMPUTED_VALUE"""),50.0) -> 50 | D12: =IFERROR(__xludf.DUMMYFUNCTION("""COMPUTED_VALUE"""),90.0) -> 90 | E12: =IFERROR(SUMIFS('Stock In'!F:F,'Stock In'!B:B,$A12,'Stock In'!C:C,$B12,'Stock In'!D:D,$C12,'Stock In'!E:E,$D12),0) -> 700 | F12: =IFERROR(SUMIFS(Issues!H:H, Issues!F:F, $A12, Issues!C:C, $B12, Issues!D:D, $C12, Issues!E:E, $D12), 0) -> 0 | G12: =IFERROR(SUMIFS(Returns!H:H, Returns!F:F, $A12, Returns!C:C, $B12, Returns!D:D, $C12, Returns!E:E, $D12), 0) -> 0 | H12: =E12-F12+G12 -> 700 | I12: =($D12*H12)/1000 -> 63 | J12: =IFERROR( SUMIFS('Stock In'!I:I,'Stock In'!B:B,$A12,'Stock In'!C:C,$B12,'Stock In'!D:D,$C12,'Stock In'!E:E,$D12) / SUMIFS('Stock In'!H:H,'Stock In'!B:B,$A12,'Stock In'!C:C,$B12,'Stock In'!D:D,$C12,'Stock In'!E:E,$D12), 0) -> 36 | K12: =I12*J12 -> 2268
A13: =IFERROR(__xludf.DUMMYFUNCTION("""COMPUTED_VALUE"""),"Allied") -> Allied | B13: =IFERROR(__xludf.DUMMYFUNCTION("""COMPUTED_VALUE"""),"PP WHITE") -> PP WHITE | C13: =IFERROR(__xludf.DUMMYFUNCTION("""COMPUTED_VALUE"""),50.0) -> 50 | D13: =IFERROR(__xludf.DUMMYFUNCTION("""COMPUTED_VALUE"""),110.0) -> 110 | E13: =IFERROR(SUMIFS('Stock In'!F:F,'Stock In'!B:B,$A13,'Stock In'!C:C,$B13,'Stock In'!D:D,$C13,'Stock In'!E:E,$D13),0) -> 88160 | F13: =IFERROR(SUMIFS(Issues!H:H, Issues!F:F, $A13, Issues!C:C, $B13, Issues!D:D, $C13, Issues!E:E, $D13), 0) -> 8610 | G13: =IFERROR(SUMIFS(Returns!H:H, Returns!F:F, $A13, Returns!C:C, $B13, Returns!D:D, $C13, Returns!E:E, $D13), 0) -> 1000 | H13: =E13-F13+G13 -> 80550 | I13: =($D13*H13)/1000 -> 8860.5 | J13: =IFERROR( SUMIFS('Stock In'!I:I,'Stock In'!B:B,$A13,'Stock In'!C:C,$B13,'Stock In'!D:D,$C13,'Stock In'!E:E,$D13) / SUMIFS('Stock In'!H:H,'Stock In'!B:B,$A13,'Stock In'!C:C,$B13,'Stock In'!D:D,$C13,'Stock In'!E:E,$D13), 0) -> 35 | K13: =I13*J13 -> 310117.5
A14: =IFERROR(__xludf.DUMMYFUNCTION("""COMPUTED_VALUE"""),"Allied") -> Allied | B14: =IFERROR(__xludf.DUMMYFUNCTION("""COMPUTED_VALUE"""),"PP WHITE") -> PP WHITE | C14: =IFERROR(__xludf.DUMMYFUNCTION("""COMPUTED_VALUE"""),50.0) -> 50 | D14: =IFERROR(__xludf.DUMMYFUNCTION("""COMPUTED_VALUE"""),125.0) -> 125 | E14: =IFERROR(SUMIFS('Stock In'!F:F,'Stock In'!B:B,$A14,'Stock In'!C:C,$B14,'Stock In'!D:D,$C14,'Stock In'!E:E,$D14),0) -> 2960 | F14: =IFERROR(SUMIFS(Issues!H:H, Issues!F:F, $A14, Issues!C:C, $B14, Issues!D:D, $C14, Issues!E:E, $D14), 0) -> 0 | G14: =IFERROR(SUMIFS(Returns!H:H, Returns!F:F, $A14, Returns!C:C, $B14, Returns!D:D, $C14, Returns!E:E, $D14), 0) -> 0 | H14: =E14-F14+G14 -> 2960 | I14: =($D14*H14)/1000 -> 370 | J14: =IFERROR( SUMIFS('Stock In'!I:I,'Stock In'!B:B,$A14,'Stock In'!C:C,$B14,'Stock In'!D:D,$C14,'Stock In'!E:E,$D14) / SUMIFS('Stock In'!H:H,'Stock In'!B:B,$A14,'Stock In'!C:C,$B14,'Stock In'!D:D,$C14,'Stock In'!E:E,$D14), 0) -> 35 | K14: =I14*J14 -> 12950
A15: =IFERROR(__xludf.DUMMYFUNCTION("""COMPUTED_VALUE"""),"Allied") -> Allied | B15: =IFERROR(__xludf.DUMMYFUNCTION("""COMPUTED_VALUE"""),"PP WHITE") -> PP WHITE | C15: =IFERROR(__xludf.DUMMYFUNCTION("""COMPUTED_VALUE"""),50.0) -> 50 | D15: =IFERROR(__xludf.DUMMYFUNCTION("""COMPUTED_VALUE"""),140.0) -> 140 | E15: =IFERROR(SUMIFS('Stock In'!F:F,'Stock In'!B:B,$A15,'Stock In'!C:C,$B15,'Stock In'!D:D,$C15,'Stock In'!E:E,$D15),0) -> 1600 | F15: =IFERROR(SUMIFS(Issues!H:H, Issues!F:F, $A15, Issues!C:C, $B15, Issues!D:D, $C15, Issues!E:E, $D15), 0) -> 0 | G15: =IFERROR(SUMIFS(Returns!H:H, Returns!F:F, $A15, Returns!C:C, $B15, Returns!D:D, $C15, Returns!E:E, $D15), 0) -> 0 | H15: =E15-F15+G15 -> 1600 | I15: =($D15*H15)/1000 -> 224 | J15: =IFERROR( SUMIFS('Stock In'!I:I,'Stock In'!B:B,$A15,'Stock In'!C:C,$B15,'Stock In'!D:D,$C15,'Stock In'!E:E,$D15) / SUMIFS('Stock In'!H:H,'Stock In'!B:B,$A15,'Stock In'!C:C,$B15,'Stock In'!D:D,$C15,'Stock In'!E:E,$D15), 0) -> 35 | K15: =I15*J15 -> 7840
A16: =IFERROR(__xludf.DUMMYFUNCTION("""COMPUTED_VALUE"""),"Allied") -> Allied | B16: =IFERROR(__xludf.DUMMYFUNCTION("""COMPUTED_VALUE"""),"PP WHITE") -> PP WHITE | C16: =IFERROR(__xludf.DUMMYFUNCTION("""COMPUTED_VALUE"""),50.0) -> 50 | D16: =IFERROR(__xludf.DUMMYFUNCTION("""COMPUTED_VALUE"""),167.0) -> 167 | E16: =IFERROR(SUMIFS('Stock In'!F:F,'Stock In'!B:B,$A16,'Stock In'!C:C,$B16,'Stock In'!D:D,$C16,'Stock In'!E:E,$D16),0) -> 2000 | F16: =IFERROR(SUMIFS(Issues!H:H, Issues!F:F, $A16, Issues!C:C, $B16, Issues!D:D, $C16, Issues!E:E, $D16), 0) -> 2000 | G16: =IFERROR(SUMIFS(Returns!H:H, Returns!F:F, $A16, Returns!C:C, $B16, Returns!D:D, $C16, Returns!E:E, $D16), 0) -> 0 | H16: =E16-F16+G16 -> 0 | I16: =($D16*H16)/1000 -> 0 | J16: =IFERROR( SUMIFS('Stock In'!I:I,'Stock In'!B:B,$A16,'Stock In'!C:C,$B16,'Stock In'!D:D,$C16,'Stock In'!E:E,$D16) / SUMIFS('Stock In'!H:H,'Stock In'!B:B,$A16,'Stock In'!C:C,$B16,'Stock In'!D:D,$C16,'Stock In'!E:E,$D16), 0) -> 35 | K16: =I16*J16 -> 0
A17: =IFERROR(__xludf.DUMMYFUNCTION("""COMPUTED_VALUE"""),"Allied") -> Allied | B17: =IFERROR(__xludf.DUMMYFUNCTION("""COMPUTED_VALUE"""),"PP WHITE") -> PP WHITE | C17: =IFERROR(__xludf.DUMMYFUNCTION("""COMPUTED_VALUE"""),50.0) -> 50 | D17: =IFERROR(__xludf.DUMMYFUNCTION("""COMPUTED_VALUE"""),180.0) -> 180 | E17: =IFERROR(SUMIFS('Stock In'!F:F,'Stock In'!B:B,$A17,'Stock In'!C:C,$B17,'Stock In'!D:D,$C17,'Stock In'!E:E,$D17),0) -> 1870 | F17: =IFERROR(SUMIFS(Issues!H:H, Issues!F:F, $A17, Issues!C:C, $B17, Issues!D:D, $C17, Issues!E:E, $D17), 0) -> 0 | G17: =IFERROR(SUMIFS(Returns!H:H, Returns!F:F, $A17, Returns!C:C, $B17, Returns!D:D, $C17, Returns!E:E, $D17), 0) -> 0 | H17: =E17-F17+G17 -> 1870 | I17: =($D17*H17)/1000 -> 336.6 | J17: =IFERROR( SUMIFS('Stock In'!I:I,'Stock In'!B:B,$A17,'Stock In'!C:C,$B17,'Stock In'!D:D,$C17,'Stock In'!E:E,$D17) / SUMIFS('Stock In'!H:H,'Stock In'!B:B,$A17,'Stock In'!C:C,$B17,'Stock In'!D:D,$C17,'Stock In'!E:E,$D17), 0) -> 35 | K17: =I17*J17 -> 11781
A18: =IFERROR(__xludf.DUMMYFUNCTION("""COMPUTED_VALUE"""),"Allied") -> Allied | B18: =IFERROR(__xludf.DUMMYFUNCTION("""COMPUTED_VALUE"""),"PP WHITE") -> PP WHITE | C18: =IFERROR(__xludf.DUMMYFUNCTION("""COMPUTED_VALUE"""),50.0) -> 50 | D18: =IFERROR(__xludf.DUMMYFUNCTION("""COMPUTED_VALUE"""),185.0) -> 185 | E18: =IFERROR(SUMIFS('Stock In'!F:F,'Stock In'!B:B,$A18,'Stock In'!C:C,$B18,'Stock In'!D:D,$C18,'Stock In'!E:E,$D18),0) -> 1800 | F18: =IFERROR(SUMIFS(Issues!H:H, Issues!F:F, $A18, Issues!C:C, $B18, Issues!D:D, $C18, Issues!E:E, $D18), 0) -> 2520 | G18: =IFERROR(SUMIFS(Returns!H:H, Returns!F:F, $A18, Returns!C:C, $B18, Returns!D:D, $C18, Returns!E:E, $D18), 0) -> 610 | H18: =E18-F18+G18 -> -110 | I18: =($D18*H18)/1000 -> -20.35 | J18: =IFERROR( SUMIFS('Stock In'!I:I,'Stock In'!B:B,$A18,'Stock In'!C:C,$B18,'Stock In'!D:D,$C18,'Stock In'!E:E,$D18) / SUMIFS('Stock In'!H:H,'Stock In'!B:B,$A18,'Stock In'!C:C,$B18,'Stock In'!D:D,$C18,'Stock In'!E:E,$D18), 0) -> 35 | K18: =I18*J18 -> -712.25
A19: =IFERROR(__xludf.DUMMYFUNCTION("""COMPUTED_VALUE"""),"Allied") -> Allied | B19: =IFERROR(__xludf.DUMMYFUNCTION("""COMPUTED_VALUE"""),"PP WHITE") -> PP WHITE | C19: =IFERROR(__xludf.DUMMYFUNCTION("""COMPUTED_VALUE"""),50.0) -> 50 | D19: =IFERROR(__xludf.DUMMYFUNCTION("""COMPUTED_VALUE"""),200.0) -> 200 | E19: =IFERROR(SUMIFS('Stock In'!F:F,'Stock In'!B:B,$A19,'Stock In'!C:C,$B19,'Stock In'!D:D,$C19,'Stock In'!E:E,$D19),0) -> 1980 | F19: =IFERROR(SUMIFS(Issues!H:H, Issues!F:F, $A19, Issues!C:C, $B19, Issues!D:D, $C19, Issues!E:E, $D19), 0) -> 1800 | G19: =IFERROR(SUMIFS(Returns!H:H, Returns!F:F, $A19, Returns!C:C, $B19, Returns!D:D, $C19, Returns!E:E, $D19), 0) -> 0 | H19: =E19-F19+G19 -> 180 | I19: =($D19*H19)/1000 -> 36 | J19: =IFERROR( SUMIFS('Stock In'!I:I,'Stock In'!B:B,$A19,'Stock In'!C:C,$B19,'Stock In'!D:D,$C19,'Stock In'!E:E,$D19) / SUMIFS('Stock In'!H:H,'Stock In'!B:B,$A19,'Stock In'!C:C,$B19,'Stock In'!D:D,$C19,'Stock In'!E:E,$D19), 0) -> 35 | K19: =I19*J19 -> 1260
A20: =IFERROR(__xludf.DUMMYFUNCTION("""COMPUTED_VALUE"""),"Allied") -> Allied | B20: =IFERROR(__xludf.DUMMYFUNCTION("""COMPUTED_VALUE"""),"PP WHITE") -> PP WHITE | C20: =IFERROR(__xludf.DUMMYFUNCTION("""COMPUTED_VALUE"""),50.0) -> 50 | D20: =IFERROR(__xludf.DUMMYFUNCTION("""COMPUTED_VALUE"""),215.0) -> 215 | E20: =IFERROR(SUMIFS('Stock In'!F:F,'Stock In'!B:B,$A20,'Stock In'!C:C,$B20,'Stock In'!D:D,$C20,'Stock In'!E:E,$D20),0) -> 1090 | F20: =IFERROR(SUMIFS(Issues!H:H, Issues!F:F, $A20, Issues!C:C, $B20, Issues!D:D, $C20, Issues!E:E, $D20), 0) -> 0 | G20: =IFERROR(SUMIFS(Returns!H:H, Returns!F:F, $A20, Returns!C:C, $B20, Returns!D:D, $C20, Returns!E:E, $D20), 0) -> 0 | H20: =E20-F20+G20 -> 1090 | I20: =($D20*H20)/1000 -> 234.35 | J20: =IFERROR( SUMIFS('Stock In'!I:I,'Stock In'!B:B,$A20,'Stock In'!C:C,$B20,'Stock In'!D:D,$C20,'Stock In'!E:E,$D20) / SUMIFS('Stock In'!H:H,'Stock In'!B:B,$A20,'Stock In'!C:C,$B20,'Stock In'!D:D,$C20,'Stock In'!E:E,$D20), 0) -> 35 | K20: =I20*J20 -> 8202.25
A21: =IFERROR(__xludf.DUMMYFUNCTION("""COMPUTED_VALUE"""),"Allied") -> Allied | B21: =IFERROR(__xludf.DUMMYFUNCTION("""COMPUTED_VALUE"""),"PP WHITE") -> PP WHITE | C21: =IFERROR(__xludf.DUMMYFUNCTION("""COMPUTED_VALUE"""),50.0) -> 50 | D21: =IFERROR(__xludf.DUMMYFUNCTION("""COMPUTED_VALUE"""),230.0) -> 230 | E21: =IFERROR(SUMIFS('Stock In'!F:F,'Stock In'!B:B,$A21,'Stock In'!C:C,$B21,'Stock In'!D:D,$C21,'Stock In'!E:E,$D21),0) -> 2200 | F21: =IFERROR(SUMIFS(Issues!H:H, Issues!F:F, $A21, Issues!C:C, $B21, Issues!D:D, $C21, Issues!E:E, $D21), 0) -> 0 | G21: =IFERROR(SUMIFS(Returns!H:H, Returns!F:F, $A21, Returns!C:C, $B21, Returns!D:D, $C21, Returns!E:E, $D21), 0) -> 0 | H21: =E21-F21+G21 -> 2200 | I21: =($D21*H21)/1000 -> 506 | J21: =IFERROR( SUMIFS('Stock In'!I:I,'Stock In'!B:B,$A21,'Stock In'!C:C,$B21,'Stock In'!D:D,$C21,'Stock In'!E:E,$D21) / SUMIFS('Stock In'!H:H,'Stock In'!B:B,$A21,'Stock In'!C:C,$B21,'Stock In'!D:D,$C21,'Stock In'!E:E,$D21), 0) -> 35 | K21: =I21*J21 -> 17710
A22: =IFERROR(__xludf.DUMMYFUNCTION("""COMPUTED_VALUE"""),"Allied") -> Allied | B22: =IFERROR(__xludf.DUMMYFUNCTION("""COMPUTED_VALUE"""),"PP WHITE") -> PP WHITE | C22: =IFERROR(__xludf.DUMMYFUNCTION("""COMPUTED_VALUE"""),50.0) -> 50 | D22: =IFERROR(__xludf.DUMMYFUNCTION("""COMPUTED_VALUE"""),255.0) -> 255 | E22: =IFERROR(SUMIFS('Stock In'!F:F,'Stock In'!B:B,$A22,'Stock In'!C:C,$B22,'Stock In'!D:D,$C22,'Stock In'!E:E,$D22),0) -> 1000 | F22: =IFERROR(SUMIFS(Issues!H:H, Issues!F:F, $A22, Issues!C:C, $B22, Issues!D:D, $C22, Issues!E:E, $D22), 0) -> 0 | G22: =IFERROR(SUMIFS(Returns!H:H, Returns!F:F, $A22, Returns!C:C, $B22, Returns!D:D, $C22, Returns!E:E, $D22), 0) -> 0 | H22: =E22-F22+G22 -> 1000 | I22: =($D22*H22)/1000 -> 255 | J22: =IFERROR( SUMIFS('Stock In'!I:I,'Stock In'!B:B,$A22,'Stock In'!C:C,$B22,'Stock In'!D:D,$C22,'Stock In'!E:E,$D22) / SUMIFS('Stock In'!H:H,'Stock In'!B:B,$A22,'Stock In'!C:C,$B22,'Stock In'!D:D,$C22,'Stock In'!E:E,$D22), 0) -> 35 | K22: =I22*J22 -> 8925
A23: =IFERROR(__xludf.DUMMYFUNCTION("""COMPUTED_VALUE"""),"Allied") -> Allied | B23: =IFERROR(__xludf.DUMMYFUNCTION("""COMPUTED_VALUE"""),"PP WHITE MATT") -> PP WHITE MATT | C23: =IFERROR(__xludf.DUMMYFUNCTION("""COMPUTED_VALUE"""),50.0) -> 50 | D23: =IFERROR(__xludf.DUMMYFUNCTION("""COMPUTED_VALUE"""),160.0) -> 160 | E23: =IFERROR(SUMIFS('Stock In'!F:F,'Stock In'!B:B,$A23,'Stock In'!C:C,$B23,'Stock In'!D:D,$C23,'Stock In'!E:E,$D23),0) -> 5460 | F23: =IFERROR(SUMIFS(Issues!H:H, Issues!F:F, $A23, Issues!C:C, $B23, Issues!D:D, $C23, Issues!E:E, $D23), 0) -> 0 | G23: =IFERROR(SUMIFS(Returns!H:H, Returns!F:F, $A23, Returns!C:C, $B23, Returns!D:D, $C23, Returns!E:E, $D23), 0) -> 0 | H23: =E23-F23+G23 -> 5460 | I23: =($D23*H23)/1000 -> 873.6 | J23: =IFERROR( SUMIFS('Stock In'!I:I,'Stock In'!B:B,$A23,'Stock In'!C:C,$B23,'Stock In'!D:D,$C23,'Stock In'!E:E,$D23) / SUMIFS('Stock In'!H:H,'Stock In'!B:B,$A23,'Stock In'!C:C,$B23,'Stock In'!D:D,$C23,'Stock In'!E:E,$D23), 0) -> 42 | K23: =I23*J23 -> 36691.2
A24: =IFERROR(__xludf.DUMMYFUNCTION("""COMPUTED_VALUE"""),"Allied") -> Allied | B24: =IFERROR(__xludf.DUMMYFUNCTION("""COMPUTED_VALUE"""),"SILVER PAPER") -> SILVER PAPER | C24: =IFERROR(__xludf.DUMMYFUNCTION("""COMPUTED_VALUE"""),80.0) -> 80 | D24: =IFERROR(__xludf.DUMMYFUNCTION("""COMPUTED_VALUE"""),135.0) -> 135 | E24: =IFERROR(SUMIFS('Stock In'!F:F,'Stock In'!B:B,$A24,'Stock In'!C:C,$B24,'Stock In'!D:D,$C24,'Stock In'!E:E,$D24),0) -> 2020 | F24: =IFERROR(SUMIFS(Issues!H:H, Issues!F:F, $A24, Issues!C:C, $B24, Issues!D:D, $C24, Issues!E:E, $D24), 0) -> 2500 | G24: =IFERROR(SUMIFS(Returns!H:H, Returns!F:F, $A24, Returns!C:C, $B24, Returns!D:D, $C24, Returns!E:E, $D24), 0) -> 860 | H24: =E24-F24+G24 -> 380 | I24: =($D24*H24)/1000 -> 51.3 | J24: =IFERROR( SUMIFS('Stock In'!I:I,'Stock In'!B:B,$A24,'Stock In'!C:C,$B24,'Stock In'!D:D,$C24,'Stock In'!E:E,$D24) / SUMIFS('Stock In'!H:H,'Stock In'!B:B,$A24,'Stock In'!C:C,$B24,'Stock In'!D:D,$C24,'Stock In'!E:E,$D24), 0) -> 39 | K24: =I24*J24 -> 2000.7
A25: =IFERROR(__xludf.DUMMYFUNCTION("""COMPUTED_VALUE"""),"Allied") -> Allied | B25: =IFERROR(__xludf.DUMMYFUNCTION("""COMPUTED_VALUE"""),"SILVER PAPER") -> SILVER PAPER | C25: =IFERROR(__xludf.DUMMYFUNCTION("""COMPUTED_VALUE"""),80.0) -> 80 | D25: =IFERROR(__xludf.DUMMYFUNCTION("""COMPUTED_VALUE"""),142.0) -> 142 | E25: =IFERROR(SUMIFS('Stock In'!F:F,'Stock In'!B:B,$A25,'Stock In'!C:C,$B25,'Stock In'!D:D,$C25,'Stock In'!E:E,$D25),0) -> 1050 | F25: =IFERROR(SUMIFS(Issues!H:H, Issues!F:F, $A25, Issues!C:C, $B25, Issues!D:D, $C25, Issues!E:E, $D25), 0) -> 700 | G25: =IFERROR(SUMIFS(Returns!H:H, Returns!F:F, $A25, Returns!C:C, $B25, Returns!D:D, $C25, Returns!E:E, $D25), 0) -> 0 | H25: =E25-F25+G25 -> 350 | I25: =($D25*H25)/1000 -> 49.7 | J25: =IFERROR( SUMIFS('Stock In'!I:I,'Stock In'!B:B,$A25,'Stock In'!C:C,$B25,'Stock In'!D:D,$C25,'Stock In'!E:E,$D25) / SUMIFS('Stock In'!H:H,'Stock In'!B:B,$A25,'Stock In'!C:C,$B25,'Stock In'!D:D,$C25,'Stock In'!E:E,$D25), 0) -> 25 | K25: =I25*J25 -> 1242.5
A26: =IFERROR(__xludf.DUMMYFUNCTION("""COMPUTED_VALUE"""),"Allied") -> Allied | B26: =IFERROR(__xludf.DUMMYFUNCTION("""COMPUTED_VALUE"""),"SILVER PAPER") -> SILVER PAPER | C26: =IFERROR(__xludf.DUMMYFUNCTION("""COMPUTED_VALUE"""),80.0) -> 80 | D26: =IFERROR(__xludf.DUMMYFUNCTION("""COMPUTED_VALUE"""),143.0) -> 143 | E26: =IFERROR(SUMIFS('Stock In'!F:F,'Stock In'!B:B,$A26,'Stock In'!C:C,$B26,'Stock In'!D:D,$C26,'Stock In'!E:E,$D26),0) -> 2320 | F26: =IFERROR(SUMIFS(Issues!H:H, Issues!F:F, $A26, Issues!C:C, $B26, Issues!D:D, $C26, Issues!E:E, $D26), 0) -> 3370 | G26: =IFERROR(SUMIFS(Returns!H:H, Returns!F:F, $A26, Returns!C:C, $B26, Returns!D:D, $C26, Returns!E:E, $D26), 0) -> 620 | H26: =E26-F26+G26 -> -430 | I26: =($D26*H26)/1000 -> -61.49 | J26: =IFERROR( SUMIFS('Stock In'!I:I,'Stock In'!B:B,$A26,'Stock In'!C:C,$B26,'Stock In'!D:D,$C26,'Stock In'!E:E,$D26) / SUMIFS('Stock In'!H:H,'Stock In'!B:B,$A26,'Stock In'!C:C,$B26,'Stock In'!D:D,$C26,'Stock In'!E:E,$D26), 0) -> 25 | K26: =I26*J26 -> -1537.25
A27: =IFERROR(__xludf.DUMMYFUNCTION("""COMPUTED_VALUE"""),"Allied") -> Allied | B27: =IFERROR(__xludf.DUMMYFUNCTION("""COMPUTED_VALUE"""),"SILVER PAPER") -> SILVER PAPER | C27: =IFERROR(__xludf.DUMMYFUNCTION("""COMPUTED_VALUE"""),80.0) -> 80 | D27: =IFERROR(__xludf.DUMMYFUNCTION("""COMPUTED_VALUE"""),145.0) -> 145 | E27: =IFERROR(SUMIFS('Stock In'!F:F,'Stock In'!B:B,$A27,'Stock In'!C:C,$B27,'Stock In'!D:D,$C27,'Stock In'!E:E,$D27),0) -> 2000 | F27: =IFERROR(SUMIFS(Issues!H:H, Issues!F:F, $A27, Issues!C:C, $B27, Issues!D:D, $C27, Issues!E:E, $D27), 0) -> 2000 | G27: =IFERROR(SUMIFS(Returns!H:H, Returns!F:F, $A27, Returns!C:C, $B27, Returns!D:D, $C27, Returns!E:E, $D27), 0) -> 150 | H27: =E27-F27+G27 -> 150 | I27: =($D27*H27)/1000 -> 21.75 | J27: =IFERROR( SUMIFS('Stock In'!I:I,'Stock In'!B:B,$A27,'Stock In'!C:C,$B27,'Stock In'!D:D,$C27,'Stock In'!E:E,$D27) / SUMIFS('Stock In'!H:H,'Stock In'!B:B,$A27,'Stock In'!C:C,$B27,'Stock In'!D:D,$C27,'Stock In'!E:E,$D27), 0) -> 39 | K27: =I27*J27 -> 848.25
A28: =IFERROR(__xludf.DUMMYFUNCTION("""COMPUTED_VALUE"""),"Allied") -> Allied | B28: =IFERROR(__xludf.DUMMYFUNCTION("""COMPUTED_VALUE"""),"SILVER PAPER") -> SILVER PAPER | C28: =IFERROR(__xludf.DUMMYFUNCTION("""COMPUTED_VALUE"""),80.0) -> 80 | D28: =IFERROR(__xludf.DUMMYFUNCTION("""COMPUTED_VALUE"""),160.0) -> 160 | E28: =IFERROR(SUMIFS('Stock In'!F:F,'Stock In'!B:B,$A28,'Stock In'!C:C,$B28,'Stock In'!D:D,$C28,'Stock In'!E:E,$D28),0) -> 1970 | F28: =IFERROR(SUMIFS(Issues!H:H, Issues!F:F, $A28, Issues!C:C, $B28, Issues!D:D, $C28, Issues!E:E, $D28), 0) -> 3020 | G28: =IFERROR(SUMIFS(Returns!H:H, Returns!F:F, $A28, Returns!C:C, $B28, Returns!D:D, $C28, Returns!E:E, $D28), 0) -> 550 | H28: =E28-F28+G28 -> -500 | I28: =($D28*H28)/1000 -> -80 | J28: =IFERROR( SUMIFS('Stock In'!I:I,'Stock In'!B:B,$A28,'Stock In'!C:C,$B28,'Stock In'!D:D,$C28,'Stock In'!E:E,$D28) / SUMIFS('Stock In'!H:H,'Stock In'!B:B,$A28,'Stock In'!C:C,$B28,'Stock In'!D:D,$C28,'Stock In'!E:E,$D28), 0) -> 39 | K28: =I28*J28 -> -3120
A29: =IFERROR(__xludf.DUMMYFUNCTION("""COMPUTED_VALUE"""),"Allied") -> Allied | B29: =IFERROR(__xludf.DUMMYFUNCTION("""COMPUTED_VALUE"""),"SILVER PAPER") -> SILVER PAPER | C29: =IFERROR(__xludf.DUMMYFUNCTION("""COMPUTED_VALUE"""),80.0) -> 80 | D29: =IFERROR(__xludf.DUMMYFUNCTION("""COMPUTED_VALUE"""),185.0) -> 185 | E29: =IFERROR(SUMIFS('Stock In'!F:F,'Stock In'!B:B,$A29,'Stock In'!C:C,$B29,'Stock In'!D:D,$C29,'Stock In'!E:E,$D29),0) -> 5540 | F29: =IFERROR(SUMIFS(Issues!H:H, Issues!F:F, $A29, Issues!C:C, $B29, Issues!D:D, $C29, Issues!E:E, $D29), 0) -> 0 | G29: =IFERROR(SUMIFS(Returns!H:H, Returns!F:F, $A29, Returns!C:C, $B29, Returns!D:D, $C29, Returns!E:E, $D29), 0) -> 0 | H29: =E29-F29+G29 -> 5540 | I29: =($D29*H29)/1000 -> 1024.9 | J29: =IFERROR( SUMIFS('Stock In'!I:I,'Stock In'!B:B,$A29,'Stock In'!C:C,$B29,'Stock In'!D:D,$C29,'Stock In'!E:E,$D29) / SUMIFS('Stock In'!H:H,'Stock In'!B:B,$A29,'Stock In'!C:C,$B29,'Stock In'!D:D,$C29,'Stock In'!E:E,$D29), 0) -> 28 | K29: =I29*J29 -> 28697.2
A30: =IFERROR(__xludf.DUMMYFUNCTION("""COMPUTED_VALUE"""),"Allied") -> Allied | B30: =IFERROR(__xludf.DUMMYFUNCTION("""COMPUTED_VALUE"""),"SILVER PAPER") -> SILVER PAPER | C30: =IFERROR(__xludf.DUMMYFUNCTION("""COMPUTED_VALUE"""),80.0) -> 80 | D30: =IFERROR(__xludf.DUMMYFUNCTION("""COMPUTED_VALUE"""),230.0) -> 230 | E30: =IFERROR(SUMIFS('Stock In'!F:F,'Stock In'!B:B,$A30,'Stock In'!C:C,$B30,'Stock In'!D:D,$C30,'Stock In'!E:E,$D30),0) -> 1000 | F30: =IFERROR(SUMIFS(Issues!H:H, Issues!F:F, $A30, Issues!C:C, $B30, Issues!D:D, $C30, Issues!E:E, $D30), 0) -> 1000 | G30: =IFERROR(SUMIFS(Returns!H:H, Returns!F:F, $A30, Returns!C:C, $B30, Returns!D:D, $C30, Returns!E:E, $D30), 0) -> 0 | H30: =E30-F30+G30 -> 0 | I30: =($D30*H30)/1000 -> 0 | J30: =IFERROR( SUMIFS('Stock In'!I:I,'Stock In'!B:B,$A30,'Stock In'!C:C,$B30,'Stock In'!D:D,$C30,'Stock In'!E:E,$D30) / SUMIFS('Stock In'!H:H,'Stock In'!B:B,$A30,'Stock In'!C:C,$B30,'Stock In'!D:D,$C30,'Stock In'!E:E,$D30), 0) -> 39 | K30: =I30*J30 -> 0
A31: =IFERROR(__xludf.DUMMYFUNCTION("""COMPUTED_VALUE"""),"Allied") -> Allied | B31: =IFERROR(__xludf.DUMMYFUNCTION("""COMPUTED_VALUE"""),"SILVER PAPER") -> SILVER PAPER | C31: =IFERROR(__xludf.DUMMYFUNCTION("""COMPUTED_VALUE"""),80.0) -> 80 | D31: =IFERROR(__xludf.DUMMYFUNCTION("""COMPUTED_VALUE"""),245.0) -> 245 | E31: =IFERROR(SUMIFS('Stock In'!F:F,'Stock In'!B:B,$A31,'Stock In'!C:C,$B31,'Stock In'!D:D,$C31,'Stock In'!E:E,$D31),0) -> 4240 | F31: =IFERROR(SUMIFS(Issues!H:H, Issues!F:F, $A31, Issues!C:C, $B31, Issues!D:D, $C31, Issues!E:E, $D31), 0) -> 0 | G31: =IFERROR(SUMIFS(Returns!H:H, Returns!F:F, $A31, Returns!C:C, $B31, Returns!D:D, $C31, Returns!E:E, $D31), 0) -> 0 | H31: =E31-F31+G31 -> 4240 | I31: =($D31*H31)/1000 -> 1038.8 | J31: =IFERROR( SUMIFS('Stock In'!I:I,'Stock In'!B:B,$A31,'Stock In'!C:C,$B31,'Stock In'!D:D,$C31,'Stock In'!E:E,$D31) / SUMIFS('Stock In'!H:H,'Stock In'!B:B,$A31,'Stock In'!C:C,$B31,'Stock In'!D:D,$C31,'Stock In'!E:E,$D31), 0) -> 42 | K31: =I31*J31 -> 43629.6
A32: =IFERROR(__xludf.DUMMYFUNCTION("""COMPUTED_VALUE"""),"Arjobex Polyart") -> Arjobex Polyart | B32: =IFERROR(__xludf.DUMMYFUNCTION("""COMPUTED_VALUE"""),"IML Blow Mould") -> IML Blow Mould | C32: =IFERROR(__xludf.DUMMYFUNCTION("""COMPUTED_VALUE"""),70.0) -> 70 | D32: =IFERROR(__xludf.DUMMYFUNCTION("""COMPUTED_VALUE"""),200.0) -> 200 | E32: =IFERROR(SUMIFS('Stock In'!F:F,'Stock In'!B:B,$A32,'Stock In'!C:C,$B32,'Stock In'!D:D,$C32,'Stock In'!E:E,$D32),0) -> 1950 | F32: =IFERROR(SUMIFS(Issues!H:H, Issues!F:F, $A32, Issues!C:C, $B32, Issues!D:D, $C32, Issues!E:E, $D32), 0) -> 0 | G32: =IFERROR(SUMIFS(Returns!H:H, Returns!F:F, $A32, Returns!C:C, $B32, Returns!D:D, $C32, Returns!E:E, $D32), 0) -> 0 | H32: =E32-F32+G32 -> 1950 | I32: =($D32*H32)/1000 -> 390 | J32: =IFERROR( SUMIFS('Stock In'!I:I,'Stock In'!B:B,$A32,'Stock In'!C:C,$B32,'Stock In'!D:D,$C32,'Stock In'!E:E,$D32) / SUMIFS('Stock In'!H:H,'Stock In'!B:B,$A32,'Stock In'!C:C,$B32,'Stock In'!D:D,$C32,'Stock In'!E:E,$D32), 0) -> 48 | K32: =I32*J32 -> 18720
A33: =IFERROR(__xludf.DUMMYFUNCTION("""COMPUTED_VALUE"""),"Arjobex Polyart") -> Arjobex Polyart | B33: =IFERROR(__xludf.DUMMYFUNCTION("""COMPUTED_VALUE"""),"IML Blow Mould") -> IML Blow Mould | C33: =IFERROR(__xludf.DUMMYFUNCTION("""COMPUTED_VALUE"""),70.0) -> 70 | D33: =IFERROR(__xludf.DUMMYFUNCTION("""COMPUTED_VALUE"""),210.0) -> 210 | E33: =IFERROR(SUMIFS('Stock In'!F:F,'Stock In'!B:B,$A33,'Stock In'!C:C,$B33,'Stock In'!D:D,$C33,'Stock In'!E:E,$D33),0) -> 2700 | F33: =IFERROR(SUMIFS(Issues!H:H, Issues!F:F, $A33, Issues!C:C, $B33, Issues!D:D, $C33, Issues!E:E, $D33), 0) -> 0 | G33: =IFERROR(SUMIFS(Returns!H:H, Returns!F:F, $A33, Returns!C:C, $B33, Returns!D:D, $C33, Returns!E:E, $D33), 0) -> 0 | H33: =E33-F33+G33 -> 2700 | I33: =($D33*H33)/1000 -> 567 | J33: =IFERROR( SUMIFS('Stock In'!I:I,'Stock In'!B:B,$A33,'Stock In'!C:C,$B33,'Stock In'!D:D,$C33,'Stock In'!E:E,$D33) / SUMIFS('Stock In'!H:H,'Stock In'!B:B,$A33,'Stock In'!C:C,$B33,'Stock In'!D:D,$C33,'Stock In'!E:E,$D33), 0) -> 48 | K33: =I33*J33 -> 27216
A34: =IFERROR(__xludf.DUMMYFUNCTION("""COMPUTED_VALUE"""),"Arjobex Polyart") -> Arjobex Polyart | B34: =IFERROR(__xludf.DUMMYFUNCTION("""COMPUTED_VALUE"""),"IML Blow Mould") -> IML Blow Mould | C34: =IFERROR(__xludf.DUMMYFUNCTION("""COMPUTED_VALUE"""),70.0) -> 70 | D34: =IFERROR(__xludf.DUMMYFUNCTION("""COMPUTED_VALUE"""),380.0) -> 380 | E34: =IFERROR(SUMIFS('Stock In'!F:F,'Stock In'!B:B,$A34,'Stock In'!C:C,$B34,'Stock In'!D:D,$C34,'Stock In'!E:E,$D34),0) -> 2000 | F34: =IFERROR(SUMIFS(Issues!H:H, Issues!F:F, $A34, Issues!C:C, $B34, Issues!D:D, $C34, Issues!E:E, $D34), 0) -> 0 | G34: =IFERROR(SUMIFS(Returns!H:H, Returns!F:F, $A34, Returns!C:C, $B34, Returns!D:D, $C34, Returns!E:E, $D34), 0) -> 0 | H34: =E34-F34+G34 -> 2000 | I34: =($D34*H34)/1000 -> 760 | J34: =IFERROR( SUMIFS('Stock In'!I:I,'Stock In'!B:B,$A34,'Stock In'!C:C,$B34,'Stock In'!D:D,$C34,'Stock In'!E:E,$D34) / SUMIFS('Stock In'!H:H,'Stock In'!B:B,$A34,'Stock In'!C:C,$B34,'Stock In'!D:D,$C34,'Stock In'!E:E,$D34), 0) -> 48 | K34: =I34*J34 -> 36480
A35: =IFERROR(__xludf.DUMMYFUNCTION("""COMPUTED_VALUE"""),"Avery") -> Avery | B35: =IFERROR(__xludf.DUMMYFUNCTION("""COMPUTED_VALUE"""),"C-MIRRORCOAT") -> C-MIRRORCOAT | C35: =IFERROR(__xludf.DUMMYFUNCTION("""COMPUTED_VALUE"""),80.0) -> 80 | D35: =IFERROR(__xludf.DUMMYFUNCTION("""COMPUTED_VALUE"""),290.0) -> 290 | E35: =IFERROR(SUMIFS('Stock In'!F:F,'Stock In'!B:B,$A35,'Stock In'!C:C,$B35,'Stock In'!D:D,$C35,'Stock In'!E:E,$D35),0) -> 4920 | F35: =IFERROR(SUMIFS(Issues!H:H, Issues!F:F, $A35, Issues!C:C, $B35, Issues!D:D, $C35, Issues!E:E, $D35), 0) -> 0 | G35: =IFERROR(SUMIFS(Returns!H:H, Returns!F:F, $A35, Returns!C:C, $B35, Returns!D:D, $C35, Returns!E:E, $D35), 0) -> 0 | H35: =E35-F35+G35 -> 4920 | I35: =($D35*H35)/1000 -> 1426.8 | J35: =IFERROR( SUMIFS('Stock In'!I:I,'Stock In'!B:B,$A35,'Stock In'!C:C,$B35,'Stock In'!D:D,$C35,'Stock In'!E:E,$D35) / SUMIFS('Stock In'!H:H,'Stock In'!B:B,$A35,'Stock In'!C:C,$B35,'Stock In'!D:D,$C35,'Stock In'!E:E,$D35), 0) -> 46.780813 | K35: =I35*J35 -> 66746.864
A36: =IFERROR(__xludf.DUMMYFUNCTION("""COMPUTED_VALUE"""),"Avery") -> Avery | B36: =IFERROR(__xludf.DUMMYFUNCTION("""COMPUTED_VALUE"""),"C-MIRRORCOAT") -> C-MIRRORCOAT | C36: =IFERROR(__xludf.DUMMYFUNCTION("""COMPUTED_VALUE"""),80.0) -> 80 | D36: =IFERROR(__xludf.DUMMYFUNCTION("""COMPUTED_VALUE"""),300.0) -> 300 | E36: =IFERROR(SUMIFS('Stock In'!F:F,'Stock In'!B:B,$A36,'Stock In'!C:C,$B36,'Stock In'!D:D,$C36,'Stock In'!E:E,$D36),0) -> 2000 | F36: =IFERROR(SUMIFS(Issues!H:H, Issues!F:F, $A36, Issues!C:C, $B36, Issues!D:D, $C36, Issues!E:E, $D36), 0) -> 0 | G36: =IFERROR(SUMIFS(Returns!H:H, Returns!F:F, $A36, Returns!C:C, $B36, Returns!D:D, $C36, Returns!E:E, $D36), 0) -> 0 | H36: =E36-F36+G36 -> 2000 | I36: =($D36*H36)/1000 -> 600 | J36: =IFERROR( SUMIFS('Stock In'!I:I,'Stock In'!B:B,$A36,'Stock In'!C:C,$B36,'Stock In'!D:D,$C36,'Stock In'!E:E,$D36) / SUMIFS('Stock In'!H:H,'Stock In'!B:B,$A36,'Stock In'!C:C,$B36,'Stock In'!D:D,$C36,'Stock In'!E:E,$D36), 0) -> 46 | K36: =I36*J36 -> 27600
